timestamp,ask,ask_size,bid,bid_size
1768465015210,0.66822,3100000.0,0.66816,3100000.0
1768465017936,0.66821,3100000.0,0.66815,3100000.0
1768465018115,0.66822,3100000.0,0.66816,3100000.0
1768465020466,0.66823,3100000.0,0.66817,3100000.0
1768465022936,0.66824,3100000.0,0.66818,3100000.0
1768465023049,0.66825,3100000.0,0.66819,3100000.0
1768465023491,0.66824,3100000.0,0.66818,3100000.0
1768465024146,0.66825,3100000.0,0.66819,3100000.0
1768465024951,0.66824,3100000.0,0.66818,3100000.0
1768465026657,0.66823,3100000.0,0.66817,3100000.0
1768465027402,0.66822,3100000.0,0.66816,3100000.0
1768465027457,0.66821,3100000.0,0.66815,3100000.0
1768465039973,0.66823,3100000.0,0.66817,3100000.0
1768465040946,0.66822,3100000.0,0.66816,3100000.0
1768465042165,0.66821,3100000.0,0.66815,3100000.0
1768465043815,0.66822,3100000.0,0.66816,3100000.0
1768465052692,0.66823,3100000.0,0.66817,3100000.0
1768465053165,0.66822,3100000.0,0.66816,3100000.0
1768465053283,0.66823,3100000.0,0.66817,3100000.0
1768465053475,0.66822,3100000.0,0.66816,3100000.0
1768465053601,0.66823,3100000.0,0.66817,3100000.0
1768465054017,0.66822,3100000.0,0.66816,3100000.0
1768465055011,0.66823,3100000.0,0.66817,3100000.0
1768465055444,0.66822,3100000.0,0.66816,3100000.0
1768465056312,0.66823,3100000.0,0.66817,3100000.0
1768465059223,0.66824,3100000.0,0.66818,3100000.0
1768465059586,0.66822,3100000.0,0.66816,3100000.0
1768465059990,0.66823,3100000.0,0.66817,3100000.0
1768465060100,0.66824,3100000.0,0.66818,3100000.0
1768465060755,0.66825,3100000.0,0.66819,3100000.0
1768465064816,0.66826,3100000.0,0.6682,3100000.0
1768465065234,0.66825,3100000.0,0.66819,3100000.0
1768465065351,0.66826,3100000.0,0.6682,3100000.0
1768465065457,0.66825,3100000.0,0.66819,3100000.0
1768465065738,0.66826,3100000.0,0.6682,3100000.0
1768465068412,0.66827,3100000.0,0.66821,3100000.0
1768465070078,0.66826,3100000.0,0.6682,3100000.0
1768465075060,0.66827,3100000.0,0.66821,3100000.0
1768465078923,0.66826,3100000.0,0.6682,3100000.0
1768465082158,0.66827,3100000.0,0.66821,3100000.0
1768465082465,0.66826,3100000.0,0.6682,3100000.0
1768465083967,0.66823,3100000.0,0.66817,3100000.0
1768465084443,0.66824,3100000.0,0.66818,3100000.0
1768465084674,0.66823,3100000.0,0.66817,3100000.0
1768465084958,0.66822,3100000.0,0.66816,3100000.0
1768465086669,0.66821,3100000.0,0.66815,3100000.0
1768465096016,0.66822,3100000.0,0.66816,3100000.0
1768465096041,0.66823,3100000.0,0.66817,3100000.0
1768465096302,0.66824,3100000.0,0.66818,3100000.0
1768465108809,0.66826,3100000.0,0.6682,3100000.0
1768465112364,0.66827,3100000.0,0.66821,3100000.0
1768465113706,0.66826,3100000.0,0.6682,3100000.0
1768465119804,0.66827,3100000.0,0.66821,3100000.0
1768465139832,0.66828,3100000.0,0.66822,3100000.0
1768465140466,0.66829,3100000.0,0.66823,3100000.0
1768465141748,0.6683,3100000.0,0.66824,3100000.0
1768465142562,0.66832,3100000.0,0.66826,3100000.0
1768465143377,0.66831,3100000.0,0.66825,3100000.0
1768465143726,0.66832,3100000.0,0.66826,3100000.0
1768465146091,0.66833,3100000.0,0.66827,3100000.0
1768465146197,0.66834,3100000.0,0.66828,3100000.0
1768465146341,0.66835,3100000.0,0.66829,3100000.0
1768465150769,0.66834,3100000.0,0.66828,3100000.0
1768465152360,0.66835,3100000.0,0.66829,3100000.0
1768465155759,0.66832,3100000.0,0.66826,3100000.0
1768465156007,0.66833,3100000.0,0.66827,3100000.0
1768465156261,0.66834,3100000.0,0.66828,3100000.0
1768465160238,0.66833,3100000.0,0.66827,3100000.0
1768465160352,0.66834,3100000.0,0.66828,3100000.0
1768465160572,0.66833,3100000.0,0.66827,3100000.0
1768465161014,0.66831,3100000.0,0.66825,3100000.0
1768465161282,0.6683,3100000.0,0.66824,3100000.0
1768465161517,0.66831,3100000.0,0.66825,3100000.0
1768465161764,0.6683,3100000.0,0.66824,3100000.0
1768465162704,0.66831,3100000.0,0.66825,3100000.0
1768465164062,0.66832,3100000.0,0.66826,3100000.0
1768465165079,0.66833,3100000.0,0.66827,3100000.0
1768465169204,0.66832,3100000.0,0.66826,3100000.0
1768465169456,0.66833,3100000.0,0.66827,3100000.0
1768465171077,0.66834,3100000.0,0.66828,3100000.0
1768465171531,0.66833,3100000.0,0.66827,3100000.0
1768465173503,0.66834,3100000.0,0.66828,3100000.0
1768465173973,0.66835,3100000.0,0.66829,3100000.0
1768465176966,0.66832,3100000.0,0.66826,3100000.0
1768465177209,0.66833,3100000.0,0.66827,3100000.0
1768465177923,0.66832,3100000.0,0.66826,3100000.0
1768465179843,0.66833,3100000.0,0.66827,3100000.0
1768465180384,0.66832,3100000.0,0.66826,3100000.0
1768465182423,0.66833,3100000.0,0.66827,3100000.0
1768465182688,0.66834,3100000.0,0.66828,3100000.0
1768465186119,0.66833,3100000.0,0.66827,3100000.0
1768465186389,0.66834,3100000.0,0.66828,3100000.0
1768465186970,0.66835,3100000.0,0.66829,3100000.0
1768465187221,0.66834,3100000.0,0.66828,3100000.0
1768465191449,0.66835,3100000.0,0.66829,3100000.0
1768465198172,0.66836,3100000.0,0.6683,3100000.0
1768465200161,0.66835,3100000.0,0.66829,3100000.0
1768465200724,0.66834,3100000.0,0.66828,3100000.0
1768465203330,0.66833,3100000.0,0.66827,3100000.0
1768465204760,0.66834,3100000.0,0.66828,3100000.0
1768465208122,0.66833,3100000.0,0.66827,3100000.0
1768465208715,0.66832,3100000.0,0.66826,3100000.0
1768465210950,0.66833,3100000.0,0.66827,3100000.0
1768465212898,0.66834,3100000.0,0.66828,3100000.0
1768465213794,0.66835,3100000.0,0.66829,3100000.0
1768465214031,0.66834,3100000.0,0.66828,3100000.0
1768465214151,0.66835,3100000.0,0.66829,3100000.0
1768465214282,0.66836,3100000.0,0.6683,3100000.0
1768465214530,0.66835,3100000.0,0.66829,3100000.0
1768465215689,0.66834,3100000.0,0.66828,3100000.0
1768465216637,0.66835,3100000.0,0.66829,3100000.0
1768465221963,0.66836,3100000.0,0.6683,3100000.0
1768465228400,0.66837,3100000.0,0.66831,3100000.0
1768465229727,0.66836,3100000.0,0.6683,3100000.0
1768465229758,0.66839,3100000.0,0.66833,3100000.0
1768465234699,0.6684,3100000.0,0.66834,3100000.0
1768465234820,0.66841,3100000.0,0.66835,3100000.0
1768465234936,0.66842,3100000.0,0.66836,3100000.0
1768465235925,0.66843,3100000.0,0.66837,3100000.0
1768465236421,0.66845,3100000.0,0.66839,3100000.0
1768465245502,0.66846,3100000.0,0.6684,3100000.0
1768465245769,0.66848,3100000.0,0.66842,3100000.0
1768465246230,0.66847,3100000.0,0.66841,3100000.0
1768465248343,0.66849,3100000.0,0.66843,3100000.0
1768465249117,0.6685,3100000.0,0.66844,3100000.0
1768465249367,0.66849,3100000.0,0.66843,3100000.0
1768465250368,0.6685,3100000.0,0.66844,3100000.0
1768465255971,0.66849,3100000.0,0.66843,3100000.0
1768465256571,0.6685,3100000.0,0.66844,3100000.0
1768465256738,0.66849,3100000.0,0.66843,3100000.0
1768465257994,0.6685,3100000.0,0.66844,3100000.0
1768465258243,0.66851,3100000.0,0.66845,3100000.0
1768465258374,0.66852,3100000.0,0.66846,3100000.0
1768465260554,0.66854,3100000.0,0.66848,3100000.0
1768465263793,0.66853,3100000.0,0.66847,3100000.0
1768465264751,0.66854,3100000.0,0.66848,3100000.0
1768465266189,0.66853,3100000.0,0.66847,3100000.0
1768465267102,0.66854,3100000.0,0.66848,3100000.0
1768465267677,0.66853,3100000.0,0.66847,3100000.0
1768465268235,0.66854,3100000.0,0.66848,3100000.0
1768465268832,0.66855,3100000.0,0.66849,3100000.0
1768465269685,0.66856,3100000.0,0.6685,3100000.0
1768465269791,0.66855,3100000.0,0.66849,3100000.0
1768465270018,0.66857,3100000.0,0.66851,3100000.0
1768465271675,0.66856,3100000.0,0.6685,3100000.0
1768465272002,0.66857,3100000.0,0.66851,3100000.0
1768465277329,0.66856,3100000.0,0.6685,3100000.0
1768465277906,0.66858,3100000.0,0.66852,3100000.0
1768465278104,0.66857,3100000.0,0.66851,3100000.0
1768465292811,0.66858,3100000.0,0.66852,3100000.0
1768465293061,0.66857,3100000.0,0.66851,3100000.0
1768465306648,0.66861,3100000.0,0.66855,3100000.0
1768465306763,0.66863,3100000.0,0.66857,3100000.0
1768465306771,0.66865,3100000.0,0.66859,3100000.0
1768465306879,0.66866,3100000.0,0.6686,3100000.0
1768465307137,0.66865,3100000.0,0.66859,3100000.0
1768465307394,0.66866,3100000.0,0.6686,3100000.0
1768465307515,0.66867,3100000.0,0.66861,3100000.0
1768465308010,0.66866,3100000.0,0.6686,3100000.0
1768465308265,0.66867,3100000.0,0.66861,3100000.0
1768465308427,0.66866,3100000.0,0.6686,3100000.0
1768465308679,0.66867,3100000.0,0.66861,3100000.0
1768465309380,0.66866,3100000.0,0.6686,3100000.0
1768465312656,0.66869,3100000.0,0.66863,3100000.0
1768465312686,0.66871,3100000.0,0.66865,3100000.0
1768465312934,0.66872,3100000.0,0.66866,3100000.0
1768465317442,0.66873,3100000.0,0.66867,3100000.0
1768465318014,0.66872,3100000.0,0.66866,3100000.0
1768465318264,0.66873,3100000.0,0.66867,3100000.0
1768465320253,0.66872,3100000.0,0.66866,3100000.0
1768465321685,0.66871,3100000.0,0.66865,3100000.0
1768465322357,0.66872,3100000.0,0.66866,3100000.0
1768465323362,0.66869,3100000.0,0.66863,3100000.0
1768465324123,0.66868,3100000.0,0.66862,3100000.0
1768465324631,0.66867,3100000.0,0.66861,3100000.0
1768465332310,0.66866,3100000.0,0.6686,3100000.0
1768465334122,0.66867,3100000.0,0.66861,3100000.0
1768465347580,0.66868,3100000.0,0.66862,3100000.0
1768465347607,0.6687,3100000.0,0.66864,3100000.0
1768465347777,0.66872,3100000.0,0.66866,3100000.0
1768465354096,0.66874,3100000.0,0.66868,3100000.0
1768465354199,0.66876,3100000.0,0.6687,3100000.0
1768465354855,0.66877,3100000.0,0.66871,3100000.0
1768465354983,0.66878,3100000.0,0.66872,3100000.0
1768465357080,0.66877,3100000.0,0.66871,3100000.0
1768465357770,0.66876,3100000.0,0.6687,3100000.0
1768465360344,0.66877,3100000.0,0.66871,3100000.0
1768465360592,0.66876,3100000.0,0.6687,3100000.0
1768465360756,0.66877,3100000.0,0.66871,3100000.0
1768465361093,0.66878,3100000.0,0.66872,3100000.0
1768465361343,0.66877,3100000.0,0.66871,3100000.0
1768465361905,0.66878,3100000.0,0.66872,3100000.0
1768465365528,0.66879,3100000.0,0.66873,3100000.0
1768465367151,0.66877,3100000.0,0.66871,3100000.0
1768465369472,0.66876,3100000.0,0.6687,3100000.0
1768465370269,0.66877,3100000.0,0.66871,3100000.0
1768465376193,0.66876,3100000.0,0.6687,3100000.0
1768465377097,0.66877,3100000.0,0.66871,3100000.0
1768465378119,0.66876,3100000.0,0.6687,3100000.0
1768465380526,0.66877,3100000.0,0.66871,3100000.0
1768465382207,0.66874,3100000.0,0.66868,3100000.0
1768465382432,0.66873,3100000.0,0.66867,3100000.0
1768465384350,0.66874,3100000.0,0.66868,3100000.0
1768465384457,0.66873,3100000.0,0.66867,3100000.0
1768465387483,0.66872,3100000.0,0.66866,3100000.0
1768465387744,0.66873,3100000.0,0.66867,3100000.0
1768465389586,0.66872,3100000.0,0.66866,3100000.0
1768465389867,0.66873,3100000.0,0.66867,3100000.0
1768465393039,0.66874,3100000.0,0.66868,3100000.0
1768465394208,0.66873,3100000.0,0.66867,3100000.0
1768465394243,0.66874,3100000.0,0.66868,3100000.0
1768465395549,0.66873,3100000.0,0.66867,3100000.0
1768465401413,0.66872,3100000.0,0.66866,3100000.0
1768465401453,0.6687,3100000.0,0.66864,3100000.0
1768465401487,0.66869,3100000.0,0.66863,3100000.0
1768465408127,0.6687,3100000.0,0.66864,3100000.0
1768465414302,0.66868,3100000.0,0.66862,3100000.0
1768465414788,0.66867,3100000.0,0.66861,3100000.0
1768465417447,0.66869,3100000.0,0.66863,3100000.0
1768465417551,0.6687,3100000.0,0.66864,3100000.0
1768465417815,0.66869,3100000.0,0.66863,3100000.0
1768465418524,0.6687,3100000.0,0.66864,3100000.0
1768465418628,0.66869,3100000.0,0.66863,3100000.0
1768465418783,0.6687,3100000.0,0.66864,3100000.0
1768465420247,0.66871,3100000.0,0.66865,3100000.0
1768465420496,0.66872,3100000.0,0.66866,3100000.0
1768465422284,0.66873,3100000.0,0.66867,3100000.0
1768465422506,0.66872,3100000.0,0.66866,3100000.0
1768465423407,0.6687,3100000.0,0.66864,3100000.0
1768465423610,0.66869,3100000.0,0.66863,3100000.0
1768465425057,0.66868,3100000.0,0.66862,3100000.0
1768465425320,0.66867,3100000.0,0.66861,3100000.0
1768465427583,0.66868,3100000.0,0.66862,3100000.0
1768465427876,0.66869,3100000.0,0.66863,3100000.0
1768465428048,0.66868,3100000.0,0.66862,3100000.0
1768465428276,0.66869,3100000.0,0.66863,3100000.0
1768465429267,0.66867,3100000.0,0.66861,3100000.0
1768465432145,0.66868,3100000.0,0.66862,3100000.0
1768465432232,0.66869,3100000.0,0.66863,3100000.0
1768465432466,0.6687,3100000.0,0.66864,3100000.0
1768465433285,0.66869,3100000.0,0.66863,3100000.0
1768465433584,0.66872,3100000.0,0.66866,3100000.0
1768465433726,0.66871,3100000.0,0.66865,3100000.0
1768465433908,0.6687,3100000.0,0.66864,3100000.0
1768465436251,0.66871,3100000.0,0.66865,3100000.0
1768465438256,0.6687,3100000.0,0.66864,3100000.0
1768465438516,0.66871,3100000.0,0.66865,3100000.0
1768465440166,0.6687,3100000.0,0.66864,3100000.0
1768465440340,0.66871,3100000.0,0.66865,3100000.0
1768465441643,0.6687,3100000.0,0.66864,3100000.0
1768465442473,0.66869,3100000.0,0.66863,3100000.0
1768465442877,0.6687,3100000.0,0.66864,3100000.0
1768465445199,0.66869,3100000.0,0.66863,3100000.0
1768465448018,0.6687,3100000.0,0.66864,3100000.0
1768465448124,0.66869,3100000.0,0.66863,3100000.0
1768465448364,0.6687,3100000.0,0.66864,3100000.0
1768465458744,0.66869,3100000.0,0.66863,3100000.0
1768465458886,0.6687,3100000.0,0.66864,3100000.0
1768465460369,0.66869,3100000.0,0.66863,3100000.0
1768465461048,0.6687,3100000.0,0.66864,3100000.0
1768465464739,0.66871,3100000.0,0.66865,3100000.0
1768465465066,0.6687,3100000.0,0.66864,3100000.0
1768465466566,0.66871,3100000.0,0.66865,3100000.0
1768465466720,0.6687,3100000.0,0.66864,3100000.0
1768465467125,0.66871,3100000.0,0.66865,3100000.0
1768465467793,0.6687,3100000.0,0.66864,3100000.0
1768465468237,0.66871,3100000.0,0.66865,3100000.0
1768465468489,0.66872,3100000.0,0.66866,3100000.0
1768465470595,0.66874,3100000.0,0.66868,3100000.0
1768465478231,0.66875,3100000.0,0.66869,3100000.0
1768465478388,0.66876,3100000.0,0.6687,3100000.0
1768465484231,0.66877,3100000.0,0.66871,3100000.0
1768465484252,0.66878,3100000.0,0.66872,3100000.0
1768465484489,0.66879,3100000.0,0.66873,3100000.0
1768465484712,0.6688,3100000.0,0.66874,3100000.0
1768465485010,0.66881,3100000.0,0.66875,3100000.0
1768465488865,0.6688,3100000.0,0.66874,3100000.0
1768465488973,0.66878,3100000.0,0.66872,3100000.0
1768465489077,0.66877,3100000.0,0.66871,3100000.0
1768465489489,0.66878,3100000.0,0.66872,3100000.0
1768465490932,0.66877,3100000.0,0.66871,3100000.0
1768465492495,0.66878,3100000.0,0.66872,3100000.0
1768465493239,0.66877,3100000.0,0.66871,3100000.0
1768465495810,0.66878,3100000.0,0.66872,3100000.0
1768465500639,0.66877,3100000.0,0.66871,3100000.0
1768465500807,0.66878,3100000.0,0.66872,3100000.0
1768465501637,0.6688,3100000.0,0.66874,3100000.0
1768465502003,0.66881,3100000.0,0.66875,3100000.0
1768465502131,0.6688,3100000.0,0.66874,3100000.0
1768465504574,0.66879,3100000.0,0.66873,3100000.0
1768465504835,0.66877,3100000.0,0.66871,3100000.0
1768465505721,0.66878,3100000.0,0.66872,3100000.0
1768465510449,0.66877,3100000.0,0.66871,3100000.0
1768465511805,0.66878,3100000.0,0.66872,3100000.0
1768465512000,0.66877,3100000.0,0.66871,3100000.0
1768465514756,0.66876,3100000.0,0.6687,3100000.0
1768465514918,0.66877,3100000.0,0.66871,3100000.0
1768465517533,0.66878,3100000.0,0.66872,3100000.0
1768465520793,0.66877,3100000.0,0.66871,3100000.0
1768465525388,0.66878,3100000.0,0.66872,3100000.0
1768465526026,0.66877,3100000.0,0.66871,3100000.0
1768465528083,0.66876,3100000.0,0.6687,3100000.0
1768465528197,0.66877,3100000.0,0.66871,3100000.0
1768465535332,0.66878,3100000.0,0.66872,3100000.0
1768465535975,0.66879,3100000.0,0.66873,3100000.0
1768465536001,0.6688,3100000.0,0.66874,3100000.0
1768465536067,0.66882,3100000.0,0.66876,3100000.0
1768465536183,0.66886,3100000.0,0.6688,3100000.0
1768465536768,0.66885,3100000.0,0.66879,3100000.0
1768465537019,0.66886,3100000.0,0.6688,3100000.0
1768465537697,0.66885,3100000.0,0.66879,3100000.0
1768465538308,0.66886,3100000.0,0.6688,3100000.0
1768465538770,0.66885,3100000.0,0.66879,3100000.0
1768465539288,0.66884,3100000.0,0.66878,3100000.0
1768465539403,0.66885,3100000.0,0.66879,3100000.0
1768465539653,0.66884,3100000.0,0.66878,3100000.0
1768465539998,0.66885,3100000.0,0.66879,3100000.0
1768465545730,0.66884,3100000.0,0.66878,3100000.0
1768465546619,0.66885,3100000.0,0.66879,3100000.0
1768465546772,0.66884,3100000.0,0.66878,3100000.0
1768465547559,0.66883,3100000.0,0.66877,3100000.0
1768465561888,0.66882,3100000.0,0.66876,3100000.0
1768465562225,0.66883,3100000.0,0.66877,3100000.0
1768465562359,0.66882,3100000.0,0.66876,3100000.0
1768465562647,0.66883,3100000.0,0.66877,3100000.0
1768465565327,0.66882,3100000.0,0.66876,3100000.0
1768465565682,0.66883,3100000.0,0.66877,3100000.0
1768465567075,0.66884,3100000.0,0.66878,3100000.0
1768465567577,0.66886,3100000.0,0.6688,3100000.0
1768465567944,0.66887,3100000.0,0.66881,3100000.0
1768465568678,0.66886,3100000.0,0.6688,3100000.0
1768465569085,0.66887,3100000.0,0.66881,3100000.0
1768465569470,0.66886,3100000.0,0.6688,3100000.0
1768465569616,0.66887,3100000.0,0.66881,3100000.0
1768465569678,0.66884,3100000.0,0.66878,3100000.0
1768465569933,0.66883,3100000.0,0.66877,3100000.0
1768465572846,0.66885,3100000.0,0.66879,3100000.0
1768465573368,0.66884,3100000.0,0.66878,3100000.0
1768465573746,0.66885,3100000.0,0.66879,3100000.0
1768465574915,0.66884,3100000.0,0.66878,3100000.0
1768465575183,0.66885,3100000.0,0.66879,3100000.0
1768465575306,0.66884,3100000.0,0.66878,3100000.0
1768465575344,0.66883,3100000.0,0.66877,3100000.0
1768465576487,0.66881,3100000.0,0.66875,3100000.0
1768465576626,0.66882,3100000.0,0.66876,3100000.0
1768465581869,0.66883,3100000.0,0.66877,3100000.0
1768465582875,0.66882,3100000.0,0.66876,3100000.0
1768465582978,0.66883,3100000.0,0.66877,3100000.0
1768465596641,0.66882,3100000.0,0.66876,3100000.0
1768465600173,0.6688,3100000.0,0.66874,3100000.0
1768465600667,0.66881,3100000.0,0.66875,3100000.0
1768465604612,0.66879,3100000.0,0.66873,3100000.0
1768465604682,0.66876,3100000.0,0.6687,3100000.0
1768465604781,0.66877,3100000.0,0.66871,3100000.0
1768465604921,0.66876,3100000.0,0.6687,3100000.0
1768465614320,0.66875,3100000.0,0.66869,3100000.0
1768465614974,0.66876,3100000.0,0.6687,3100000.0
1768465619129,0.66877,3100000.0,0.66871,3100000.0
1768465620178,0.66876,3100000.0,0.6687,3100000.0
1768465622223,0.66877,3100000.0,0.66871,3100000.0
1768465626177,0.66876,3100000.0,0.6687,3100000.0
1768465626461,0.66877,3100000.0,0.66871,3100000.0
1768465626637,0.66876,3100000.0,0.6687,3100000.0
1768465626773,0.66877,3100000.0,0.66871,3100000.0
1768465631579,0.66876,3100000.0,0.6687,3100000.0
1768465631604,0.66875,3100000.0,0.66869,3100000.0
1768465632835,0.66876,3100000.0,0.6687,3100000.0
1768465640704,0.66877,3100000.0,0.66871,3100000.0
1768465640960,0.66876,3100000.0,0.6687,3100000.0
1768465641206,0.66877,3100000.0,0.66871,3100000.0
1768465642031,0.66876,3100000.0,0.6687,3100000.0
1768465643062,0.66877,3100000.0,0.66871,3100000.0
1768465647022,0.66876,3100000.0,0.6687,3100000.0
1768465647023,0.66875,3100000.0,0.66869,3100000.0
1768465647618,0.66876,3100000.0,0.6687,3100000.0
1768465662217,0.66875,3100000.0,0.66869,3100000.0
1768465662483,0.66874,3100000.0,0.66868,3100000.0
1768465664223,0.66875,3100000.0,0.66869,3100000.0
1768465675623,0.66876,3100000.0,0.6687,3100000.0
1768465676205,0.66875,3100000.0,0.66869,3100000.0
1768465680106,0.66873,3100000.0,0.66867,3100000.0
1768465680214,0.66872,3100000.0,0.66866,3100000.0
1768465683138,0.66873,3100000.0,0.66867,3100000.0
1768465685384,0.66874,3100000.0,0.66868,3100000.0
1768465686189,0.66875,3100000.0,0.66869,3100000.0
1768465686667,0.66876,3100000.0,0.6687,3100000.0
1768465687228,0.66875,3100000.0,0.66869,3100000.0
1768465689257,0.66873,3100000.0,0.66867,3100000.0
1768465690204,0.66872,3100000.0,0.66866,3100000.0
1768465690307,0.66873,3100000.0,0.66867,3100000.0
1768465690392,0.66871,3100000.0,0.66865,3100000.0
1768465690585,0.6687,3100000.0,0.66864,3100000.0
1768465694297,0.66869,3100000.0,0.66863,3100000.0
1768465699502,0.66868,3100000.0,0.66862,3100000.0
1768465700735,0.66867,3100000.0,0.66861,3100000.0
1768465701252,0.66868,3100000.0,0.66862,3100000.0
1768465705227,0.66867,3100000.0,0.66861,3100000.0
1768465705392,0.66868,3100000.0,0.66862,3100000.0
1768465706127,0.66867,3100000.0,0.66861,3100000.0
1768465711037,0.66868,3100000.0,0.66862,3100000.0
1768465711514,0.66867,3100000.0,0.66861,3100000.0
1768465714574,0.66866,3100000.0,0.6686,3100000.0
1768465718092,0.66867,3100000.0,0.66861,3100000.0
1768465718303,0.66868,3100000.0,0.66862,3100000.0
1768465721872,0.66867,3100000.0,0.66861,3100000.0
1768465722409,0.66868,3100000.0,0.66862,3100000.0
1768465722998,0.66867,3100000.0,0.66861,3100000.0
1768465723251,0.66868,3100000.0,0.66862,3100000.0
1768465726510,0.66867,3100000.0,0.66861,3100000.0
1768465728888,0.66866,3100000.0,0.6686,3100000.0
1768465729607,0.66867,3100000.0,0.66861,3100000.0
1768465730885,0.66868,3100000.0,0.66862,3100000.0
1768465731176,0.66869,3100000.0,0.66863,3100000.0
1768465733184,0.6687,3100000.0,0.66864,3100000.0
1768465733841,0.66869,3100000.0,0.66863,3100000.0
1768465734671,0.66867,3100000.0,0.66861,3100000.0
1768465736033,0.66868,3100000.0,0.66862,3100000.0
1768465736275,0.66867,3100000.0,0.66861,3100000.0
1768465737062,0.66868,3100000.0,0.66862,3100000.0
1768465737326,0.66867,3100000.0,0.66861,3100000.0
1768465738063,0.66868,3100000.0,0.66862,3100000.0
1768465739588,0.66867,3100000.0,0.66861,3100000.0
1768465739773,0.66868,3100000.0,0.66862,3100000.0
1768465740293,0.66869,3100000.0,0.66863,3100000.0
1768465740559,0.6687,3100000.0,0.66864,3100000.0
1768465741053,0.66869,3100000.0,0.66863,3100000.0
1768465741439,0.6687,3100000.0,0.66864,3100000.0
1768465742293,0.66871,3100000.0,0.66865,3100000.0
1768465742448,0.66872,3100000.0,0.66866,3100000.0
1768465743316,0.66873,3100000.0,0.66867,3100000.0
1768465743417,0.66874,3100000.0,0.66868,3100000.0
1768465747712,0.66873,3100000.0,0.66867,3100000.0
1768465747750,0.66869,3100000.0,0.66863,3100000.0
1768465748080,0.66868,3100000.0,0.66862,3100000.0
1768465748209,0.66867,3100000.0,0.66861,3100000.0
1768465748310,0.66866,3100000.0,0.6686,3100000.0
1768465748959,0.66865,3100000.0,0.66859,3100000.0
1768465749318,0.66864,3100000.0,0.66858,3100000.0
1768465749617,0.66865,3100000.0,0.66859,3100000.0
1768465749902,0.66864,3100000.0,0.66858,3100000.0
1768465750161,0.66865,3100000.0,0.66859,3100000.0
1768465750727,0.66866,3100000.0,0.6686,3100000.0
1768465753456,0.66865,3100000.0,0.66859,3100000.0
1768465753720,0.66866,3100000.0,0.6686,3100000.0
1768465753958,0.66863,3100000.0,0.66857,3100000.0
1768465754071,0.66861,3100000.0,0.66855,3100000.0
1768465754316,0.66862,3100000.0,0.66856,3100000.0
1768465756253,0.66863,3100000.0,0.66857,3100000.0
1768465758314,0.66864,3100000.0,0.66858,3100000.0
1768465759870,0.66863,3100000.0,0.66857,3100000.0
1768465760246,0.66864,3100000.0,0.66858,3100000.0
1768465760426,0.66863,3100000.0,0.66857,3100000.0
1768465760548,0.66865,3100000.0,0.66859,3100000.0
1768465760916,0.66864,3100000.0,0.66858,3100000.0
1768465761524,0.66865,3100000.0,0.66859,3100000.0
1768465762427,0.66864,3100000.0,0.66858,3100000.0
1768465762517,0.66863,3100000.0,0.66857,3100000.0
1768465767281,0.66862,3100000.0,0.66856,3100000.0
1768465767436,0.66863,3100000.0,0.66857,3100000.0
1768465770468,0.66864,3100000.0,0.66858,3100000.0
1768465770608,0.66865,3100000.0,0.66859,3100000.0
1768465774222,0.66866,3100000.0,0.6686,3100000.0
1768465775925,0.66867,3100000.0,0.66861,3100000.0
1768465776164,0.66868,3100000.0,0.66862,3100000.0
1768465779050,0.66867,3100000.0,0.66861,3100000.0
1768465787560,0.66868,3100000.0,0.66862,3100000.0
1768465788185,0.66869,3100000.0,0.66863,3100000.0
1768465788526,0.6687,3100000.0,0.66864,3100000.0
1768465788771,0.66869,3100000.0,0.66863,3100000.0
1768465790375,0.66868,3100000.0,0.66862,3100000.0
1768465792811,0.66867,3100000.0,0.66861,3100000.0
1768465793699,0.66868,3100000.0,0.66862,3100000.0
1768465795573,0.66869,3100000.0,0.66863,3100000.0
1768465798008,0.6687,3100000.0,0.66864,3100000.0
1768465798283,0.66869,3100000.0,0.66863,3100000.0
1768465798493,0.66868,3100000.0,0.66862,3100000.0
1768465799004,0.66869,3100000.0,0.66863,3100000.0
1768465799253,0.66868,3100000.0,0.66862,3100000.0
1768465799782,0.66869,3100000.0,0.66863,3100000.0
1768465801072,0.6687,3100000.0,0.66864,3100000.0
1768465801324,0.66869,3100000.0,0.66863,3100000.0
1768465801700,0.6687,3100000.0,0.66864,3100000.0
1768465806233,0.66871,3100000.0,0.66865,3100000.0
1768465807882,0.66872,3100000.0,0.66866,3100000.0
1768465810759,0.66871,3100000.0,0.66865,3100000.0
1768465812063,0.66872,3100000.0,0.66866,3100000.0
1768465813447,0.66871,3100000.0,0.66865,3100000.0
1768465814080,0.66869,3100000.0,0.66863,3100000.0
1768465817764,0.66868,3100000.0,0.66862,3100000.0
1768465818150,0.66869,3100000.0,0.66863,3100000.0
1768465818844,0.66868,3100000.0,0.66862,3100000.0
1768465819349,0.66867,3100000.0,0.66861,3100000.0
1768465819880,0.66866,3100000.0,0.6686,3100000.0
1768465820422,0.66865,3100000.0,0.66859,3100000.0
1768465820936,0.66866,3100000.0,0.6686,3100000.0
1768465821191,0.66865,3100000.0,0.66859,3100000.0
1768465821736,0.66866,3100000.0,0.6686,3100000.0
1768465822305,0.66867,3100000.0,0.66861,3100000.0
1768465822439,0.66866,3100000.0,0.6686,3100000.0
1768465824294,0.66865,3100000.0,0.66859,3100000.0
1768465824679,0.66864,3100000.0,0.66858,3100000.0
1768465825712,0.66865,3100000.0,0.66859,3100000.0
1768465826579,0.66866,3100000.0,0.6686,3100000.0
1768465829331,0.66867,3100000.0,0.66861,3100000.0
1768465830735,0.66866,3100000.0,0.6686,3100000.0
1768465831255,0.66867,3100000.0,0.66861,3100000.0
1768465831484,0.66865,3100000.0,0.66859,3100000.0
1768465832325,0.66863,3100000.0,0.66857,3100000.0
1768465833137,0.66862,3100000.0,0.66856,3100000.0
1768465833385,0.66863,3100000.0,0.66857,3100000.0
1768465835261,0.66861,3100000.0,0.66855,3100000.0
1768465835386,0.66862,3100000.0,0.66856,3100000.0
1768465837517,0.66861,3100000.0,0.66855,3100000.0
1768465840107,0.66862,3100000.0,0.66856,3100000.0
1768465845082,0.66861,3100000.0,0.66855,3100000.0
1768465856989,0.66862,3100000.0,0.66856,3100000.0
1768465857113,0.66861,3100000.0,0.66855,3100000.0
1768465857368,0.66863,3100000.0,0.66857,3100000.0
1768465857598,0.66862,3100000.0,0.66856,3100000.0
1768465858087,0.66863,3100000.0,0.66857,3100000.0
1768465858195,0.66862,3100000.0,0.66856,3100000.0
1768465860384,0.66864,3100000.0,0.66858,3100000.0
1768465860576,0.66865,3100000.0,0.66859,3100000.0
1768465862919,0.66866,3100000.0,0.6686,3100000.0
1768465863027,0.66867,3100000.0,0.66861,3100000.0
1768465863983,0.66868,3100000.0,0.66862,3100000.0
1768465864250,0.66869,3100000.0,0.66863,3100000.0
1768465865675,0.66868,3100000.0,0.66862,3100000.0
1768465874906,0.66869,3100000.0,0.66863,3100000.0
1768465874929,0.6687,3100000.0,0.66864,3100000.0
1768465875243,0.66871,3100000.0,0.66865,3100000.0
1768465876667,0.66872,3100000.0,0.66866,3100000.0
1768465876836,0.66871,3100000.0,0.66865,3100000.0
1768465879934,0.6687,3100000.0,0.66864,3100000.0
1768465880312,0.66871,3100000.0,0.66865,3100000.0
1768465880459,0.66872,3100000.0,0.66866,3100000.0
1768465881362,0.66871,3100000.0,0.66865,3100000.0
1768465882035,0.66872,3100000.0,0.66866,3100000.0
1768465884949,0.66871,3100000.0,0.66865,3100000.0
1768465886446,0.66872,3100000.0,0.66866,3100000.0
1768465887044,0.66871,3100000.0,0.66865,3100000.0
1768465891108,0.66872,3100000.0,0.66866,3100000.0
1768465891527,0.66871,3100000.0,0.66865,3100000.0
1768465891953,0.66872,3100000.0,0.66866,3100000.0
1768465892089,0.66871,3100000.0,0.66865,3100000.0
1768465894451,0.6687,3100000.0,0.66864,3100000.0
1768465895259,0.66871,3100000.0,0.66865,3100000.0
1768465896470,0.66869,3100000.0,0.66863,3100000.0
1768465896511,0.66868,3100000.0,0.66862,3100000.0
1768465896769,0.66867,3100000.0,0.66861,3100000.0
1768465898692,0.66868,3100000.0,0.66862,3100000.0
1768465906944,0.66867,3100000.0,0.66861,3100000.0
1768465907066,0.66868,3100000.0,0.66862,3100000.0
1768465907504,0.66867,3100000.0,0.66861,3100000.0
1768465908582,0.66868,3100000.0,0.66862,3100000.0
1768465910517,0.66869,3100000.0,0.66863,3100000.0
1768465911234,0.6687,3100000.0,0.66864,3100000.0
1768465911998,0.66872,3100000.0,0.66866,3100000.0
1768465912546,0.66871,3100000.0,0.66865,3100000.0
1768465913753,0.66872,3100000.0,0.66866,3100000.0
1768465913937,0.66871,3100000.0,0.66865,3100000.0
1768465915445,0.66872,3100000.0,0.66866,3100000.0
1768465915553,0.66871,3100000.0,0.66865,3100000.0
1768465917056,0.6687,3100000.0,0.66864,3100000.0
1768465917199,0.66869,3100000.0,0.66863,3100000.0
1768465917323,0.66868,3100000.0,0.66862,3100000.0
1768465917581,0.66869,3100000.0,0.66863,3100000.0
1768465917856,0.6687,3100000.0,0.66864,3100000.0
1768465921286,0.66869,3100000.0,0.66863,3100000.0
1768465923078,0.6687,3100000.0,0.66864,3100000.0
1768465923107,0.66871,3100000.0,0.66865,3100000.0
1768465924500,0.66872,3100000.0,0.66866,3100000.0
1768465927900,0.66871,3100000.0,0.66865,3100000.0
1768465928629,0.66872,3100000.0,0.66866,3100000.0
1768465928733,0.66871,3100000.0,0.66865,3100000.0
1768465931497,0.66872,3100000.0,0.66866,3100000.0
1768465931893,0.66871,3100000.0,0.66865,3100000.0
1768465932015,0.66872,3100000.0,0.66866,3100000.0
1768465938480,0.66873,3100000.0,0.66867,3100000.0
1768465938569,0.66874,3100000.0,0.66868,3100000.0
1768465938831,0.66876,3100000.0,0.6687,3100000.0
1768465944983,0.66875,3100000.0,0.66869,3100000.0
1768465945398,0.66876,3100000.0,0.6687,3100000.0
1768465953723,0.66874,3100000.0,0.66868,3100000.0
1768465953974,0.66873,3100000.0,0.66867,3100000.0
1768465955272,0.66874,3100000.0,0.66868,3100000.0
1768465955523,0.66873,3100000.0,0.66867,3100000.0
1768465956068,0.66874,3100000.0,0.66868,3100000.0
1768465956321,0.66873,3100000.0,0.66867,3100000.0
1768465956637,0.66874,3100000.0,0.66868,3100000.0
1768465957137,0.66873,3100000.0,0.66867,3100000.0
1768465957387,0.66874,3100000.0,0.66868,3100000.0
1768465968513,0.66873,3100000.0,0.66867,3100000.0
1768465973931,0.66874,3100000.0,0.66868,3100000.0
1768465974060,0.66873,3100000.0,0.66867,3100000.0
1768465974372,0.66872,3100000.0,0.66866,3100000.0
1768465974666,0.66871,3100000.0,0.66865,3100000.0
1768465974915,0.66872,3100000.0,0.66866,3100000.0
1768465978950,0.66871,3100000.0,0.66865,3100000.0
1768465979611,0.66872,3100000.0,0.66866,3100000.0
1768465979852,0.66871,3100000.0,0.66865,3100000.0
1768465980295,0.6687,3100000.0,0.66864,3100000.0
1768465980363,0.66868,3100000.0,0.66862,3100000.0
1768465981219,0.66867,3100000.0,0.66861,3100000.0
1768465982491,0.66868,3100000.0,0.66862,3100000.0
1768465982602,0.66869,3100000.0,0.66863,3100000.0
1768465983605,0.66868,3100000.0,0.66862,3100000.0
1768465984492,0.66869,3100000.0,0.66863,3100000.0
1768465987983,0.66868,3100000.0,0.66862,3100000.0
1768465991795,0.66867,3100000.0,0.66861,3100000.0
1768465993138,0.66866,3100000.0,0.6686,3100000.0
1768466001679,0.66865,3100000.0,0.66859,3100000.0
1768466002115,0.66866,3100000.0,0.6686,3100000.0
1768466004255,0.66867,3100000.0,0.66861,3100000.0
1768466004363,0.66866,3100000.0,0.6686,3100000.0
1768466004906,0.66867,3100000.0,0.66861,3100000.0
1768466005217,0.66866,3100000.0,0.6686,3100000.0
1768466020219,0.66867,3100000.0,0.66861,3100000.0
1768466020469,0.66866,3100000.0,0.6686,3100000.0
1768466020590,0.66867,3100000.0,0.66861,3100000.0
1768466025251,0.66866,3100000.0,0.6686,3100000.0
1768466025598,0.66867,3100000.0,0.66861,3100000.0
1768466025802,0.66868,3100000.0,0.66862,3100000.0
1768466026188,0.66867,3100000.0,0.66861,3100000.0
1768466026722,0.66868,3100000.0,0.66862,3100000.0
1768466027158,0.66867,3100000.0,0.66861,3100000.0
1768466030252,0.66868,3100000.0,0.66862,3100000.0
1768466030400,0.66869,3100000.0,0.66863,3100000.0
1768466030652,0.6687,3100000.0,0.66864,3100000.0
1768466031435,0.66871,3100000.0,0.66865,3100000.0
1768466032787,0.6687,3100000.0,0.66864,3100000.0
1768466033040,0.66871,3100000.0,0.66865,3100000.0
1768466033296,0.6687,3100000.0,0.66864,3100000.0
1768466033538,0.66871,3100000.0,0.66865,3100000.0
1768466033737,0.66872,3100000.0,0.66866,3100000.0
1768466034096,0.66871,3100000.0,0.66865,3100000.0
1768466038431,0.66873,3100000.0,0.66867,3100000.0
1768466038655,0.66875,3100000.0,0.66869,3100000.0
1768466043643,0.66876,3100000.0,0.6687,3100000.0
1768466044171,0.66878,3100000.0,0.66872,3100000.0
1768466044317,0.66877,3100000.0,0.66871,3100000.0
1768466044465,0.66876,3100000.0,0.6687,3100000.0
1768466044977,0.66877,3100000.0,0.66871,3100000.0
1768466045236,0.66878,3100000.0,0.66872,3100000.0
1768466046228,0.66877,3100000.0,0.66871,3100000.0
1768466047343,0.66878,3100000.0,0.66872,3100000.0
1768466047720,0.66877,3100000.0,0.66871,3100000.0
1768466048683,0.66876,3100000.0,0.6687,3100000.0
1768466051833,0.66877,3100000.0,0.66871,3100000.0
1768466052545,0.66878,3100000.0,0.66872,3100000.0
1768466052666,0.66877,3100000.0,0.66871,3100000.0
1768466053115,0.66878,3100000.0,0.66872,3100000.0
1768466054103,0.66877,3100000.0,0.66871,3100000.0
1768466054468,0.66878,3100000.0,0.66872,3100000.0
1768466054889,0.66877,3100000.0,0.66871,3100000.0
1768466055000,0.66878,3100000.0,0.66872,3100000.0
1768466055499,0.66877,3100000.0,0.66871,3100000.0
1768466055712,0.66878,3100000.0,0.66872,3100000.0
1768466056336,0.66877,3100000.0,0.66871,3100000.0
1768466056913,0.66878,3100000.0,0.66872,3100000.0
1768466057402,0.66877,3100000.0,0.66871,3100000.0
1768466062486,0.66878,3100000.0,0.66872,3100000.0
1768466064256,0.66877,3100000.0,0.66871,3100000.0
1768466065450,0.66876,3100000.0,0.6687,3100000.0
1768466066592,0.66877,3100000.0,0.66871,3100000.0
1768466070066,0.66876,3100000.0,0.6687,3100000.0
1768466070960,0.66877,3100000.0,0.66871,3100000.0
1768466070985,0.66879,3100000.0,0.66873,3100000.0
1768466071254,0.6688,3100000.0,0.66874,3100000.0
1768466071486,0.66879,3100000.0,0.66873,3100000.0
1768466071736,0.6688,3100000.0,0.66874,3100000.0
1768466074318,0.66881,3100000.0,0.66875,3100000.0
1768466075282,0.66882,3100000.0,0.66876,3100000.0
1768466075556,0.66883,3100000.0,0.66877,3100000.0
1768466076939,0.66882,3100000.0,0.66876,3100000.0
1768466077187,0.66881,3100000.0,0.66875,3100000.0
1768466079154,0.66882,3100000.0,0.66876,3100000.0
1768466079290,0.66881,3100000.0,0.66875,3100000.0
1768466079539,0.66882,3100000.0,0.66876,3100000.0
1768466079893,0.66881,3100000.0,0.66875,3100000.0
1768466080155,0.66882,3100000.0,0.66876,3100000.0
1768466080490,0.6688,3100000.0,0.66874,3100000.0
1768466080775,0.66878,3100000.0,0.66872,3100000.0
1768466081174,0.66879,3100000.0,0.66873,3100000.0
1768466084000,0.66878,3100000.0,0.66872,3100000.0
1768466085201,0.66879,3100000.0,0.66873,3100000.0
1768466088643,0.6688,3100000.0,0.66874,3100000.0
1768466091680,0.66881,3100000.0,0.66875,3100000.0
1768466096208,0.66882,3100000.0,0.66876,3100000.0
1768466096381,0.66884,3100000.0,0.66878,3100000.0
1768466096491,0.66885,3100000.0,0.66879,3100000.0
1768466097470,0.66886,3100000.0,0.6688,3100000.0
1768466098472,0.66887,3100000.0,0.66881,3100000.0
1768466099719,0.66888,3100000.0,0.66882,3100000.0
1768466099992,0.66889,3100000.0,0.66883,3100000.0
1768466100164,0.66888,3100000.0,0.66882,3100000.0
1768466100488,0.66887,3100000.0,0.66881,3100000.0
1768466101323,0.66886,3100000.0,0.6688,3100000.0
1768466102051,0.66885,3100000.0,0.66879,3100000.0
1768466104542,0.66883,3100000.0,0.66877,3100000.0
1768466104649,0.66881,3100000.0,0.66875,3100000.0
1768466107772,0.6688,3100000.0,0.66874,3100000.0
1768466108027,0.66881,3100000.0,0.66875,3100000.0
1768466109344,0.6688,3100000.0,0.66874,3100000.0
1768466109934,0.66881,3100000.0,0.66875,3100000.0
1768466110041,0.66878,3100000.0,0.66872,3100000.0
1768466113055,0.66877,3100000.0,0.66871,3100000.0
1768466113712,0.66876,3100000.0,0.6687,3100000.0
1768466118215,0.66877,3100000.0,0.66871,3100000.0
1768466118369,0.66876,3100000.0,0.6687,3100000.0
1768466120251,0.66877,3100000.0,0.66871,3100000.0
1768466120474,0.66876,3100000.0,0.6687,3100000.0
1768466121537,0.66877,3100000.0,0.66871,3100000.0
1768466121619,0.66879,3100000.0,0.66873,3100000.0
1768466121626,0.66881,3100000.0,0.66875,3100000.0
1768466126186,0.6688,3100000.0,0.66874,3100000.0
1768466129369,0.66881,3100000.0,0.66875,3100000.0
1768466129578,0.6688,3100000.0,0.66874,3100000.0
1768466129857,0.66879,3100000.0,0.66873,3100000.0
1768466130031,0.66878,3100000.0,0.66872,3100000.0
1768466130292,0.66877,3100000.0,0.66871,3100000.0
1768466130526,0.66876,3100000.0,0.6687,3100000.0
1768466131425,0.66877,3100000.0,0.66871,3100000.0
1768466132900,0.66878,3100000.0,0.66872,3100000.0
1768466133041,0.6688,3100000.0,0.66874,3100000.0
1768466133290,0.66879,3100000.0,0.66873,3100000.0
1768466134456,0.6688,3100000.0,0.66874,3100000.0
1768466134575,0.66879,3100000.0,0.66873,3100000.0
1768466138597,0.66878,3100000.0,0.66872,3100000.0
1768466139424,0.66879,3100000.0,0.66873,3100000.0
1768466139678,0.66878,3100000.0,0.66872,3100000.0
1768466140344,0.66879,3100000.0,0.66873,3100000.0
1768466142167,0.6688,3100000.0,0.66874,3100000.0
1768466143099,0.66881,3100000.0,0.66875,3100000.0
1768466143381,0.66882,3100000.0,0.66876,3100000.0
1768466144425,0.66881,3100000.0,0.66875,3100000.0
1768466144622,0.66882,3100000.0,0.66876,3100000.0
1768466144778,0.66883,3100000.0,0.66877,3100000.0
1768466145700,0.66884,3100000.0,0.66878,3100000.0
1768466145828,0.66885,3100000.0,0.66879,3100000.0
1768466146331,0.66886,3100000.0,0.6688,3100000.0
1768466146693,0.66885,3100000.0,0.66879,3100000.0
1768466148286,0.66886,3100000.0,0.6688,3100000.0
1768466149228,0.66885,3100000.0,0.66879,3100000.0
1768466149477,0.66886,3100000.0,0.6688,3100000.0
1768466149727,0.66885,3100000.0,0.66879,3100000.0
1768466149977,0.66886,3100000.0,0.6688,3100000.0
1768466151079,0.66887,3100000.0,0.66881,3100000.0
1768466151224,0.66886,3100000.0,0.6688,3100000.0
1768466152361,0.66884,3100000.0,0.66878,3100000.0
1768466152601,0.66885,3100000.0,0.66879,3100000.0
1768466153250,0.66886,3100000.0,0.6688,3100000.0
1768466153511,0.66885,3100000.0,0.66879,3100000.0
1768466154546,0.66886,3100000.0,0.6688,3100000.0
1768466154675,0.66885,3100000.0,0.66879,3100000.0
1768466165346,0.66886,3100000.0,0.6688,3100000.0
1768466165627,0.66885,3100000.0,0.66879,3100000.0
1768466166335,0.66886,3100000.0,0.6688,3100000.0
1768466171844,0.66885,3100000.0,0.66879,3100000.0
1768466176513,0.66886,3100000.0,0.6688,3100000.0
1768466178263,0.66885,3100000.0,0.66879,3100000.0
1768466178365,0.66886,3100000.0,0.6688,3100000.0
1768466179081,0.66885,3100000.0,0.66879,3100000.0
1768466180565,0.66886,3100000.0,0.6688,3100000.0
1768466187331,0.66887,3100000.0,0.66881,3100000.0
1768466191294,0.66885,3100000.0,0.66879,3100000.0
1768466191396,0.66887,3100000.0,0.66881,3100000.0
1768466191445,0.66889,3100000.0,0.66883,3100000.0
1768466191686,0.6689,3100000.0,0.66884,3100000.0
1768466193591,0.66889,3100000.0,0.66883,3100000.0
1768466201896,0.6689,3100000.0,0.66884,3100000.0
1768466202652,0.66888,3100000.0,0.66882,3100000.0
1768466203321,0.66887,3100000.0,0.66881,3100000.0
1768466203418,0.66889,3100000.0,0.66883,3100000.0
1768466203693,0.66891,3100000.0,0.66885,3100000.0
1768466203944,0.66892,3100000.0,0.66886,3100000.0
1768466204375,0.66891,3100000.0,0.66885,3100000.0
1768466204629,0.66892,3100000.0,0.66886,3100000.0
1768466205081,0.66891,3100000.0,0.66885,3100000.0
1768466205543,0.6689,3100000.0,0.66884,3100000.0
1768466206043,0.66889,3100000.0,0.66883,3100000.0
1768466207462,0.6689,3100000.0,0.66884,3100000.0
1768466211634,0.66889,3100000.0,0.66883,3100000.0
1768466211885,0.6689,3100000.0,0.66884,3100000.0
1768466220493,0.66891,3100000.0,0.66885,3100000.0
1768466221359,0.66892,3100000.0,0.66886,3100000.0
1768466221634,0.66891,3100000.0,0.66885,3100000.0
1768466222759,0.66892,3100000.0,0.66886,3100000.0
1768466222943,0.66891,3100000.0,0.66885,3100000.0
1768466226160,0.66892,3100000.0,0.66886,3100000.0
1768466226414,0.66891,3100000.0,0.66885,3100000.0
1768466229052,0.66892,3100000.0,0.66886,3100000.0
1768466229227,0.66891,3100000.0,0.66885,3100000.0
1768466229809,0.66892,3100000.0,0.66886,3100000.0
1768466231167,0.66891,3100000.0,0.66885,3100000.0
1768466231759,0.6689,3100000.0,0.66884,3100000.0
1768466231908,0.66891,3100000.0,0.66885,3100000.0
1768466232595,0.66892,3100000.0,0.66886,3100000.0
1768466232717,0.66893,3100000.0,0.66887,3100000.0
1768466232844,0.66895,3100000.0,0.66889,3100000.0
1768466233079,0.66896,3100000.0,0.6689,3100000.0
1768466235571,0.66897,3100000.0,0.66891,3100000.0
1768466236162,0.66896,3100000.0,0.6689,3100000.0
1768466242681,0.66897,3100000.0,0.66891,3100000.0
1768466242810,0.66898,3100000.0,0.66892,3100000.0
1768466247385,0.66897,3100000.0,0.66891,3100000.0
1768466247670,0.66898,3100000.0,0.66892,3100000.0
1768466249274,0.669,3100000.0,0.66894,3100000.0
1768466250389,0.66899,3100000.0,0.66893,3100000.0
1768466250575,0.66898,3100000.0,0.66892,3100000.0
1768466250921,0.66899,3100000.0,0.66893,3100000.0
1768466251262,0.66898,3100000.0,0.66892,3100000.0
1768466251524,0.66899,3100000.0,0.66893,3100000.0
1768466252156,0.66898,3100000.0,0.66892,3100000.0
1768466252809,0.66899,3100000.0,0.66893,3100000.0
1768466253757,0.669,3100000.0,0.66894,3100000.0
1768466253886,0.66901,3100000.0,0.66895,3100000.0
1768466257318,0.669,3100000.0,0.66894,3100000.0
1768466257672,0.66901,3100000.0,0.66895,3100000.0
1768466264214,0.66902,3100000.0,0.66896,3100000.0
1768466264592,0.66901,3100000.0,0.66895,3100000.0
1768466274907,0.66902,3100000.0,0.66896,3100000.0
1768466275015,0.66903,3100000.0,0.66897,3100000.0
1768466277147,0.66902,3100000.0,0.66896,3100000.0
1768466278189,0.66901,3100000.0,0.66895,3100000.0
1768466278315,0.66902,3100000.0,0.66896,3100000.0
1768466280271,0.66901,3100000.0,0.66895,3100000.0
1768466281209,0.66899,3100000.0,0.66893,3100000.0
1768466281262,0.66898,3100000.0,0.66892,3100000.0
1768466288287,0.66897,3100000.0,0.66891,3100000.0
1768466288431,0.66896,3100000.0,0.6689,3100000.0
1768466294534,0.66895,3100000.0,0.66889,3100000.0
1768466295013,0.66896,3100000.0,0.6689,3100000.0
1768466295467,0.66897,3100000.0,0.66891,3100000.0
1768466295717,0.66896,3100000.0,0.6689,3100000.0
1768466302236,0.66895,3100000.0,0.66889,3100000.0
1768466303024,0.66896,3100000.0,0.6689,3100000.0
1768466311702,0.66897,3100000.0,0.66891,3100000.0
1768466312192,0.66896,3100000.0,0.6689,3100000.0
1768466312421,0.66897,3100000.0,0.66891,3100000.0
1768466312720,0.66896,3100000.0,0.6689,3100000.0
1768466313014,0.66897,3100000.0,0.66891,3100000.0
1768466313265,0.66896,3100000.0,0.6689,3100000.0
1768466316160,0.66897,3100000.0,0.66891,3100000.0
1768466321335,0.66898,3100000.0,0.66892,3100000.0
1768466339949,0.66897,3100000.0,0.66891,3100000.0
1768466340107,0.66896,3100000.0,0.6689,3100000.0
1768466340267,0.66897,3100000.0,0.66891,3100000.0
1768466340380,0.66898,3100000.0,0.66892,3100000.0
1768466343717,0.669,3100000.0,0.66894,3100000.0
1768466343967,0.66902,3100000.0,0.66896,3100000.0
1768466345927,0.66901,3100000.0,0.66895,3100000.0
1768466348713,0.66902,3100000.0,0.66896,3100000.0
1768466350223,0.66903,3100000.0,0.66897,3100000.0
1768466350492,0.66902,3100000.0,0.66896,3100000.0
1768466350733,0.66903,3100000.0,0.66897,3100000.0
1768466350984,0.66902,3100000.0,0.66896,3100000.0
1768466352005,0.66901,3100000.0,0.66895,3100000.0
1768466352175,0.66902,3100000.0,0.66896,3100000.0
1768466352653,0.66901,3100000.0,0.66895,3100000.0
1768466353402,0.66902,3100000.0,0.66896,3100000.0
1768466353510,0.66901,3100000.0,0.66895,3100000.0
1768466353849,0.66902,3100000.0,0.66896,3100000.0
1768466354030,0.66904,3100000.0,0.66898,3100000.0
1768466354263,0.66903,3100000.0,0.66897,3100000.0
1768466354525,0.66904,3100000.0,0.66898,3100000.0
1768466355471,0.66903,3100000.0,0.66897,3100000.0
1768466355617,0.66902,3100000.0,0.66896,3100000.0
1768466356032,0.66903,3100000.0,0.66897,3100000.0
1768466364112,0.66905,3100000.0,0.66899,3100000.0
1768466364242,0.66903,3100000.0,0.66897,3100000.0
1768466364688,0.66904,3100000.0,0.66898,3100000.0
1768466365692,0.66905,3100000.0,0.66899,3100000.0
1768466365898,0.66904,3100000.0,0.66898,3100000.0
1768466366060,0.66903,3100000.0,0.66897,3100000.0
1768466368045,0.66904,3100000.0,0.66898,3100000.0
1768466368267,0.66903,3100000.0,0.66897,3100000.0
1768466368764,0.66902,3100000.0,0.66896,3100000.0
1768466368928,0.66903,3100000.0,0.66897,3100000.0
1768466369041,0.66902,3100000.0,0.66896,3100000.0
1768466369964,0.66901,3100000.0,0.66895,3100000.0
1768466370226,0.669,3100000.0,0.66894,3100000.0
1768466379397,0.66901,3100000.0,0.66895,3100000.0
1768466380038,0.669,3100000.0,0.66894,3100000.0
1768466380064,0.66898,3100000.0,0.66892,3100000.0
1768466380093,0.66897,3100000.0,0.66891,3100000.0
1768466381245,0.66896,3100000.0,0.6689,3100000.0
1768466382560,0.66897,3100000.0,0.66891,3100000.0
1768466382824,0.66896,3100000.0,0.6689,3100000.0
1768466382994,0.66897,3100000.0,0.66891,3100000.0
1768466383323,0.66896,3100000.0,0.6689,3100000.0
1768466383450,0.66897,3100000.0,0.66891,3100000.0
1768466384717,0.66896,3100000.0,0.6689,3100000.0
1768466384968,0.66897,3100000.0,0.66891,3100000.0
1768466385443,0.66896,3100000.0,0.6689,3100000.0
1768466386546,0.66897,3100000.0,0.66891,3100000.0
1768466386766,0.66896,3100000.0,0.6689,3100000.0
1768466389034,0.66897,3100000.0,0.66891,3100000.0
1768466389533,0.66896,3100000.0,0.6689,3100000.0
1768466393956,0.66897,3100000.0,0.66891,3100000.0
1768466398145,0.66896,3100000.0,0.6689,3100000.0
1768466399106,0.66897,3100000.0,0.66891,3100000.0
1768466400119,0.66896,3100000.0,0.6689,3100000.0
1768466400575,0.66897,3100000.0,0.66891,3100000.0
1768466401309,0.66896,3100000.0,0.6689,3100000.0
1768466406261,0.66897,3100000.0,0.66891,3100000.0
1768466406518,0.66896,3100000.0,0.6689,3100000.0
1768466412985,0.66895,3100000.0,0.66889,3100000.0
1768466413095,0.66893,3100000.0,0.66887,3100000.0
1768466413869,0.66894,3100000.0,0.66888,3100000.0
1768466414677,0.66893,3100000.0,0.66887,3100000.0
1768466418705,0.66894,3100000.0,0.66888,3100000.0
1768466418737,0.66896,3100000.0,0.6689,3100000.0
1768466419583,0.66895,3100000.0,0.66889,3100000.0
1768466423460,0.66894,3100000.0,0.66888,3100000.0
1768466423861,0.66893,3100000.0,0.66887,3100000.0
1768466424616,0.66894,3100000.0,0.66888,3100000.0
1768466427775,0.66893,3100000.0,0.66887,3100000.0
1768466430295,0.66892,3100000.0,0.66886,3100000.0
1768466431302,0.66893,3100000.0,0.66887,3100000.0
1768466433295,0.66894,3100000.0,0.66888,3100000.0
1768466436680,0.66893,3100000.0,0.66887,3100000.0
1768466438672,0.66892,3100000.0,0.66886,3100000.0
1768466438863,0.66893,3100000.0,0.66887,3100000.0
1768466438896,0.66895,3100000.0,0.66889,3100000.0
1768466439261,0.66894,3100000.0,0.66888,3100000.0
1768466440619,0.66893,3100000.0,0.66887,3100000.0
1768466443090,0.66895,3100000.0,0.66889,3100000.0
1768466446881,0.66894,3100000.0,0.66888,3100000.0
1768466447769,0.66895,3100000.0,0.66889,3100000.0
1768466450531,0.66894,3100000.0,0.66888,3100000.0
1768466453552,0.66892,3100000.0,0.66886,3100000.0
1768466455640,0.66893,3100000.0,0.66887,3100000.0
1768466455887,0.66892,3100000.0,0.66886,3100000.0
1768466457940,0.66891,3100000.0,0.66885,3100000.0
1768466458848,0.66892,3100000.0,0.66886,3100000.0
1768466458937,0.66893,3100000.0,0.66887,3100000.0
1768466459141,0.66894,3100000.0,0.66888,3100000.0
1768466465300,0.66893,3100000.0,0.66887,3100000.0
1768466468015,0.66892,3100000.0,0.66886,3100000.0
1768466477496,0.6689,3100000.0,0.66884,3100000.0
1768466478167,0.66888,3100000.0,0.66882,3100000.0
1768466479181,0.66889,3100000.0,0.66883,3100000.0
1768466482223,0.66891,3100000.0,0.66885,3100000.0
1768466482739,0.6689,3100000.0,0.66884,3100000.0
1768466482959,0.66891,3100000.0,0.66885,3100000.0
1768466486370,0.6689,3100000.0,0.66884,3100000.0
1768466486607,0.66889,3100000.0,0.66883,3100000.0
1768466486858,0.6689,3100000.0,0.66884,3100000.0
1768466488734,0.66891,3100000.0,0.66885,3100000.0
1768466492014,0.66893,3100000.0,0.66887,3100000.0
1768466492268,0.66894,3100000.0,0.66888,3100000.0
1768466508031,0.66895,3100000.0,0.66889,3100000.0
1768466509540,0.66894,3100000.0,0.66888,3100000.0
1768466511549,0.66895,3100000.0,0.66889,3100000.0
1768466511960,0.66894,3100000.0,0.66888,3100000.0
1768466512784,0.66893,3100000.0,0.66887,3100000.0
1768466512959,0.66894,3100000.0,0.66888,3100000.0
1768466513364,0.66893,3100000.0,0.66887,3100000.0
1768466514492,0.66894,3100000.0,0.66888,3100000.0
1768466519211,0.66895,3100000.0,0.66889,3100000.0
1768466519937,0.66894,3100000.0,0.66888,3100000.0
1768466520189,0.66895,3100000.0,0.66889,3100000.0
1768466521245,0.66894,3100000.0,0.66888,3100000.0
1768466521402,0.66893,3100000.0,0.66887,3100000.0
1768466524159,0.66892,3100000.0,0.66886,3100000.0
1768466524219,0.66891,3100000.0,0.66885,3100000.0
1768466531347,0.6689,3100000.0,0.66884,3100000.0
1768466531708,0.66889,3100000.0,0.66883,3100000.0
1768466532315,0.66888,3100000.0,0.66882,3100000.0
1768466535363,0.66889,3100000.0,0.66883,3100000.0
1768466536139,0.6689,3100000.0,0.66884,3100000.0
1768466536277,0.66891,3100000.0,0.66885,3100000.0
1768466536648,0.66892,3100000.0,0.66886,3100000.0
1768466537838,0.66891,3100000.0,0.66885,3100000.0
1768466538089,0.66892,3100000.0,0.66886,3100000.0
1768466540123,0.6689,3100000.0,0.66884,3100000.0
1768466544952,0.66889,3100000.0,0.66883,3100000.0
1768466546736,0.66888,3100000.0,0.66882,3100000.0
1768466547240,0.66889,3100000.0,0.66883,3100000.0
1768466547491,0.66888,3100000.0,0.66882,3100000.0
1768466547742,0.66889,3100000.0,0.66883,3100000.0
1768466547993,0.66888,3100000.0,0.66882,3100000.0
1768466549401,0.66889,3100000.0,0.66883,3100000.0
1768466553981,0.66888,3100000.0,0.66882,3100000.0
1768466554259,0.66889,3100000.0,0.66883,3100000.0
1768466555432,0.66891,3100000.0,0.66885,3100000.0
1768466560708,0.6689,3100000.0,0.66884,3100000.0
1768466564237,0.66891,3100000.0,0.66885,3100000.0
1768466575790,0.66892,3100000.0,0.66886,3100000.0
1768466575923,0.66891,3100000.0,0.66885,3100000.0
1768466576537,0.6689,3100000.0,0.66884,3100000.0
1768466580650,0.66889,3100000.0,0.66883,3100000.0
1768466581121,0.66888,3100000.0,0.66882,3100000.0
1768466581372,0.66887,3100000.0,0.66881,3100000.0
1768466581622,0.66888,3100000.0,0.66882,3100000.0
1768466582025,0.66887,3100000.0,0.66881,3100000.0
1768466582212,0.66888,3100000.0,0.66882,3100000.0
1768466582586,0.66887,3100000.0,0.66881,3100000.0
1768466585914,0.66889,3100000.0,0.66883,3100000.0
1768466590011,0.66888,3100000.0,0.66882,3100000.0
1768466590131,0.66887,3100000.0,0.66881,3100000.0
1768466590348,0.66888,3100000.0,0.66882,3100000.0
1768466590688,0.66887,3100000.0,0.66881,3100000.0
1768466590953,0.66888,3100000.0,0.66882,3100000.0
1768466591988,0.66887,3100000.0,0.66881,3100000.0
1768466592258,0.66888,3100000.0,0.66882,3100000.0
1768466593838,0.66887,3100000.0,0.66881,3100000.0
1768466594089,0.66888,3100000.0,0.66882,3100000.0
1768466600542,0.66889,3100000.0,0.66883,3100000.0
1768466602428,0.66891,3100000.0,0.66885,3100000.0
1768466602678,0.66889,3100000.0,0.66883,3100000.0
1768466603102,0.6689,3100000.0,0.66884,3100000.0
1768466603349,0.66891,3100000.0,0.66885,3100000.0
1768466611122,0.6689,3100000.0,0.66884,3100000.0
1768466611155,0.66889,3100000.0,0.66883,3100000.0
1768466612169,0.66888,3100000.0,0.66882,3100000.0
1768466612410,0.66889,3100000.0,0.66883,3100000.0
1768466612705,0.66888,3100000.0,0.66882,3100000.0
1768466618520,0.66886,3100000.0,0.6688,3100000.0
1768466618612,0.66889,3100000.0,0.66883,3100000.0
1768466624594,0.66891,3100000.0,0.66885,3100000.0
1768466626929,0.66892,3100000.0,0.66886,3100000.0
1768466631058,0.66893,3100000.0,0.66887,3100000.0
1768466631558,0.66892,3100000.0,0.66886,3100000.0
1768466634703,0.66891,3100000.0,0.66885,3100000.0
1768466636030,0.66892,3100000.0,0.66886,3100000.0
1768466636140,0.66891,3100000.0,0.66885,3100000.0
1768466636389,0.66892,3100000.0,0.66886,3100000.0
1768466647724,0.66893,3100000.0,0.66887,3100000.0
1768466648625,0.66892,3100000.0,0.66886,3100000.0
1768466649072,0.66891,3100000.0,0.66885,3100000.0
1768466649585,0.66892,3100000.0,0.66886,3100000.0
1768466649833,0.66891,3100000.0,0.66885,3100000.0
1768466652405,0.66892,3100000.0,0.66886,3100000.0
1768466652654,0.66891,3100000.0,0.66885,3100000.0
1768466663971,0.66889,3100000.0,0.66883,3100000.0
1768466665131,0.66888,3100000.0,0.66882,3100000.0
1768466665731,0.66889,3100000.0,0.66883,3100000.0
1768466665986,0.6689,3100000.0,0.66884,3100000.0
1768466666858,0.66889,3100000.0,0.66883,3100000.0
1768466667022,0.66888,3100000.0,0.66882,3100000.0
1768466667583,0.66889,3100000.0,0.66883,3100000.0
1768466670063,0.66892,3100000.0,0.66886,3100000.0
1768466670698,0.66891,3100000.0,0.66885,3100000.0
1768466674927,0.6689,3100000.0,0.66884,3100000.0
1768466675177,0.66891,3100000.0,0.66885,3100000.0
1768466681830,0.66892,3100000.0,0.66886,3100000.0
1768466690366,0.66891,3100000.0,0.66885,3100000.0
1768466690615,0.66892,3100000.0,0.66886,3100000.0
1768466692655,0.66891,3100000.0,0.66885,3100000.0
1768466694798,0.66889,3100000.0,0.66883,3100000.0
1768466694829,0.66887,3100000.0,0.66881,3100000.0
1768466695542,0.66889,3100000.0,0.66883,3100000.0
1768466695808,0.6689,3100000.0,0.66884,3100000.0
1768466696657,0.66889,3100000.0,0.66883,3100000.0
1768466696924,0.6689,3100000.0,0.66884,3100000.0
1768466700411,0.66891,3100000.0,0.66885,3100000.0
1768466707212,0.66892,3100000.0,0.66886,3100000.0
1768466708020,0.66891,3100000.0,0.66885,3100000.0
1768466708271,0.66892,3100000.0,0.66886,3100000.0
1768466709407,0.66891,3100000.0,0.66885,3100000.0
1768466715326,0.66892,3100000.0,0.66886,3100000.0
1768466716184,0.66891,3100000.0,0.66885,3100000.0
1768466716357,0.66892,3100000.0,0.66886,3100000.0
1768466716862,0.66891,3100000.0,0.66885,3100000.0
1768466716967,0.66892,3100000.0,0.66886,3100000.0
1768466717246,0.66891,3100000.0,0.66885,3100000.0
1768466717353,0.66892,3100000.0,0.66886,3100000.0
1768466717563,0.66891,3100000.0,0.66885,3100000.0
1768466717729,0.66892,3100000.0,0.66886,3100000.0
1768466719128,0.66891,3100000.0,0.66885,3100000.0
1768466719264,0.66892,3100000.0,0.66886,3100000.0
1768466720080,0.66891,3100000.0,0.66885,3100000.0
1768466740490,0.6689,3100000.0,0.66884,3100000.0
1768466740787,0.66891,3100000.0,0.66885,3100000.0
1768466740950,0.6689,3100000.0,0.66884,3100000.0
1768466741779,0.66891,3100000.0,0.66885,3100000.0
1768466743132,0.6689,3100000.0,0.66884,3100000.0
1768466743382,0.66891,3100000.0,0.66885,3100000.0
1768466749787,0.66892,3100000.0,0.66886,3100000.0
1768466753934,0.66891,3100000.0,0.66885,3100000.0
1768466754917,0.66892,3100000.0,0.66886,3100000.0
1768466779504,0.66893,3100000.0,0.66887,3100000.0
1768466779630,0.66894,3100000.0,0.66888,3100000.0
1768466779679,0.66896,3100000.0,0.6689,3100000.0
1768466779822,0.66897,3100000.0,0.66891,3100000.0
1768466788268,0.66898,3100000.0,0.66892,3100000.0
1768466788504,0.66899,3100000.0,0.66893,3100000.0
1768466789744,0.669,3100000.0,0.66894,3100000.0
1768466801122,0.66899,3100000.0,0.66893,3100000.0
1768466801301,0.669,3100000.0,0.66894,3100000.0
1768466806100,0.66901,3100000.0,0.66895,3100000.0
1768466806531,0.669,3100000.0,0.66894,3100000.0
1768466807935,0.66901,3100000.0,0.66895,3100000.0
1768466810405,0.669,3100000.0,0.66894,3100000.0
1768466810655,0.66901,3100000.0,0.66895,3100000.0
1768466810961,0.66897,3100000.0,0.66891,3100000.0
1768466811945,0.66896,3100000.0,0.6689,3100000.0
1768466816478,0.66897,3100000.0,0.66891,3100000.0
1768466816748,0.66896,3100000.0,0.6689,3100000.0
1768466820439,0.66897,3100000.0,0.66891,3100000.0
1768466820600,0.66896,3100000.0,0.6689,3100000.0
1768466821338,0.66897,3100000.0,0.66891,3100000.0
1768466822113,0.66896,3100000.0,0.6689,3100000.0
1768466822595,0.66897,3100000.0,0.66891,3100000.0
1768466823542,0.66896,3100000.0,0.6689,3100000.0
1768466823957,0.66897,3100000.0,0.66891,3100000.0
1768466824297,0.66898,3100000.0,0.66892,3100000.0
1768466826306,0.66897,3100000.0,0.66891,3100000.0
1768466826433,0.66898,3100000.0,0.66892,3100000.0
1768466830405,0.66897,3100000.0,0.66891,3100000.0
1768466830576,0.66896,3100000.0,0.6689,3100000.0
1768466837033,0.66895,3100000.0,0.66889,3100000.0
1768466837202,0.66896,3100000.0,0.6689,3100000.0
1768466844685,0.66895,3100000.0,0.66889,3100000.0
1768466844715,0.66894,3100000.0,0.66888,3100000.0
1768466844959,0.66893,3100000.0,0.66887,3100000.0
1768466845222,0.66892,3100000.0,0.66886,3100000.0
1768466847273,0.66891,3100000.0,0.66885,3100000.0
1768466848751,0.6689,3100000.0,0.66884,3100000.0
1768466851806,0.66891,3100000.0,0.66885,3100000.0
1768466854189,0.6689,3100000.0,0.66884,3100000.0
1768466854317,0.66891,3100000.0,0.66885,3100000.0
1768466854421,0.66892,3100000.0,0.66886,3100000.0
1768466858493,0.66893,3100000.0,0.66887,3100000.0
1768466862132,0.66894,3100000.0,0.66888,3100000.0
1768466862270,0.66895,3100000.0,0.66889,3100000.0
1768466862853,0.66896,3100000.0,0.6689,3100000.0
1768466863131,0.66895,3100000.0,0.66889,3100000.0
1768466863381,0.66896,3100000.0,0.6689,3100000.0
1768466864255,0.66895,3100000.0,0.66889,3100000.0
1768466866207,0.66894,3100000.0,0.66888,3100000.0
1768466866388,0.66896,3100000.0,0.6689,3100000.0
1768466867312,0.66895,3100000.0,0.66889,3100000.0
1768466867445,0.66894,3100000.0,0.66888,3100000.0
1768466869278,0.66895,3100000.0,0.66889,3100000.0
1768466870906,0.66896,3100000.0,0.6689,3100000.0
1768466875428,0.66897,3100000.0,0.66891,3100000.0
1768466875573,0.66898,3100000.0,0.66892,3100000.0
1768466875670,0.66897,3100000.0,0.66891,3100000.0
1768466876079,0.66898,3100000.0,0.66892,3100000.0
1768466876278,0.66897,3100000.0,0.66891,3100000.0
1768466880129,0.66898,3100000.0,0.66892,3100000.0
1768466880156,0.66899,3100000.0,0.66893,3100000.0
1768466880412,0.66898,3100000.0,0.66892,3100000.0
1768466885238,0.66897,3100000.0,0.66891,3100000.0
1768466892131,0.66898,3100000.0,0.66892,3100000.0
1768466892354,0.66899,3100000.0,0.66893,3100000.0
1768466892457,0.66898,3100000.0,0.66892,3100000.0
1768466894873,0.669,3100000.0,0.66894,3100000.0
1768466900197,0.66899,3100000.0,0.66893,3100000.0
1768466900550,0.669,3100000.0,0.66894,3100000.0
1768466902207,0.66901,3100000.0,0.66895,3100000.0
1768466902563,0.669,3100000.0,0.66894,3100000.0
1768466902773,0.66901,3100000.0,0.66895,3100000.0
1768466913585,0.669,3100000.0,0.66894,3100000.0
1768466914394,0.66901,3100000.0,0.66895,3100000.0
1768466920981,0.669,3100000.0,0.66894,3100000.0
1768466921007,0.66899,3100000.0,0.66893,3100000.0
1768466921025,0.66897,3100000.0,0.66891,3100000.0
1768466921278,0.66898,3100000.0,0.66892,3100000.0
1768466921772,0.66897,3100000.0,0.66891,3100000.0
1768466923280,0.669,3100000.0,0.66894,3100000.0
1768466932774,0.66901,3100000.0,0.66895,3100000.0
1768466932891,0.66902,3100000.0,0.66896,3100000.0
1768466933036,0.66901,3100000.0,0.66895,3100000.0
1768466936360,0.66902,3100000.0,0.66896,3100000.0
1768466957087,0.66901,3100000.0,0.66895,3100000.0
1768466957144,0.66902,3100000.0,0.66896,3100000.0
1768466960009,0.66901,3100000.0,0.66895,3100000.0
1768466960341,0.669,3100000.0,0.66894,3100000.0
1768466962038,0.66899,3100000.0,0.66893,3100000.0
1768466962739,0.669,3100000.0,0.66894,3100000.0
1768466970019,0.66902,3100000.0,0.66896,3100000.0
1768466971733,0.66901,3100000.0,0.66895,3100000.0
1768466973885,0.669,3100000.0,0.66894,3100000.0
1768466974163,0.66899,3100000.0,0.66893,3100000.0
1768466976593,0.669,3100000.0,0.66894,3100000.0
1768466982216,0.66901,3100000.0,0.66895,3100000.0
1768466982637,0.669,3100000.0,0.66894,3100000.0
1768466993232,0.66898,3100000.0,0.66892,3100000.0
1768466993356,0.66897,3100000.0,0.66891,3100000.0
1768466995014,0.66896,3100000.0,0.6689,3100000.0
1768466996265,0.66898,3100000.0,0.66892,3100000.0
1768467000119,0.66897,3100000.0,0.66891,3100000.0
1768467000375,0.66898,3100000.0,0.66892,3100000.0
1768467000551,0.66897,3100000.0,0.66891,3100000.0
1768467001062,0.66898,3100000.0,0.66892,3100000.0
1768467001673,0.66899,3100000.0,0.66893,3100000.0
1768467004601,0.66897,3100000.0,0.66891,3100000.0
1768467008666,0.66898,3100000.0,0.66892,3100000.0
1768467008818,0.66899,3100000.0,0.66893,3100000.0
1768467008940,0.669,3100000.0,0.66894,3100000.0
1768467010820,0.66899,3100000.0,0.66893,3100000.0
1768467011077,0.66898,3100000.0,0.66892,3100000.0
1768467012336,0.66899,3100000.0,0.66893,3100000.0
1768467014336,0.66901,3100000.0,0.66895,3100000.0
1768467014477,0.669,3100000.0,0.66894,3100000.0
1768467015915,0.66901,3100000.0,0.66895,3100000.0
1768467016249,0.669,3100000.0,0.66894,3100000.0
1768467020563,0.66899,3100000.0,0.66893,3100000.0
1768467021143,0.66897,3100000.0,0.66891,3100000.0
1768467023180,0.66896,3100000.0,0.6689,3100000.0
1768467024777,0.66897,3100000.0,0.66891,3100000.0
1768467028492,0.66898,3100000.0,0.66892,3100000.0
1768467032594,0.66897,3100000.0,0.66891,3100000.0
1768467032717,0.66898,3100000.0,0.66892,3100000.0
1768467037285,0.66899,3100000.0,0.66893,3100000.0
1768467038511,0.66898,3100000.0,0.66892,3100000.0
1768467038613,0.66899,3100000.0,0.66893,3100000.0
1768467038782,0.66898,3100000.0,0.66892,3100000.0
1768467044651,0.66897,3100000.0,0.66891,3100000.0
1768467046477,0.66898,3100000.0,0.66892,3100000.0
1768467051017,0.66896,3100000.0,0.6689,3100000.0
1768467053329,0.66897,3100000.0,0.66891,3100000.0
1768467055753,0.66898,3100000.0,0.66892,3100000.0
1768467063267,0.66897,3100000.0,0.66891,3100000.0
1768467063387,0.66898,3100000.0,0.66892,3100000.0
1768467063493,0.66897,3100000.0,0.66891,3100000.0
1768467067463,0.66896,3100000.0,0.6689,3100000.0
1768467067503,0.66898,3100000.0,0.66892,3100000.0
1768467070712,0.66897,3100000.0,0.66891,3100000.0
1768467071045,0.66898,3100000.0,0.66892,3100000.0
1768467071320,0.66897,3100000.0,0.66891,3100000.0
1768467072352,0.66898,3100000.0,0.66892,3100000.0
1768467076194,0.66897,3100000.0,0.66891,3100000.0
1768467079680,0.66898,3100000.0,0.66892,3100000.0
1768467083808,0.66896,3100000.0,0.6689,3100000.0
1768467085610,0.66897,3100000.0,0.66891,3100000.0
1768467085860,0.66896,3100000.0,0.6689,3100000.0
1768467086786,0.66897,3100000.0,0.66891,3100000.0
1768467087032,0.66898,3100000.0,0.66892,3100000.0
1768467090019,0.66897,3100000.0,0.66891,3100000.0
1768467091701,0.66898,3100000.0,0.66892,3100000.0
1768467095484,0.66897,3100000.0,0.66891,3100000.0
1768467095607,0.66898,3100000.0,0.66892,3100000.0
1768467098646,0.66899,3100000.0,0.66893,3100000.0
1768467098831,0.66898,3100000.0,0.66892,3100000.0
1768467105365,0.66899,3100000.0,0.66893,3100000.0
1768467105395,0.669,3100000.0,0.66894,3100000.0
1768467105630,0.66901,3100000.0,0.66895,3100000.0
1768467106008,0.669,3100000.0,0.66894,3100000.0
1768467106387,0.66898,3100000.0,0.66892,3100000.0
1768467106548,0.66897,3100000.0,0.66891,3100000.0
1768467107615,0.66895,3100000.0,0.66889,3100000.0
1768467108023,0.66894,3100000.0,0.66888,3100000.0
1768467108217,0.66893,3100000.0,0.66887,3100000.0
1768467108639,0.66892,3100000.0,0.66886,3100000.0
1768467109477,0.66891,3100000.0,0.66885,3100000.0
1768467109791,0.6689,3100000.0,0.66884,3100000.0
1768467110135,0.66891,3100000.0,0.66885,3100000.0
1768467110877,0.6689,3100000.0,0.66884,3100000.0
1768467118921,0.66891,3100000.0,0.66885,3100000.0
1768467121352,0.66892,3100000.0,0.66886,3100000.0
1768467122159,0.66893,3100000.0,0.66887,3100000.0
1768467126881,0.66892,3100000.0,0.66886,3100000.0
1768467136330,0.66891,3100000.0,0.66885,3100000.0
1768467141318,0.66892,3100000.0,0.66886,3100000.0
1768467142019,0.66893,3100000.0,0.66887,3100000.0
1768467146367,0.66892,3100000.0,0.66886,3100000.0
1768467146673,0.66891,3100000.0,0.66885,3100000.0
1768467147352,0.66892,3100000.0,0.66886,3100000.0
1768467152522,0.66893,3100000.0,0.66887,3100000.0
1768467152823,0.66895,3100000.0,0.66889,3100000.0
1768467153268,0.66893,3100000.0,0.66887,3100000.0
1768467153522,0.66895,3100000.0,0.66889,3100000.0
1768467156812,0.66894,3100000.0,0.66888,3100000.0
1768467157062,0.66895,3100000.0,0.66889,3100000.0
1768467164147,0.66896,3100000.0,0.6689,3100000.0
1768467164403,0.66897,3100000.0,0.66891,3100000.0
1768467165444,0.66898,3100000.0,0.66892,3100000.0
1768467169155,0.669,3100000.0,0.66894,3100000.0
1768467169449,0.66899,3100000.0,0.66893,3100000.0
1768467171115,0.669,3100000.0,0.66894,3100000.0
1768467171635,0.66899,3100000.0,0.66893,3100000.0
1768467171960,0.669,3100000.0,0.66894,3100000.0
1768467172489,0.66899,3100000.0,0.66893,3100000.0
1768467173032,0.66898,3100000.0,0.66892,3100000.0
1768467173335,0.66899,3100000.0,0.66893,3100000.0
1768467173594,0.66898,3100000.0,0.66892,3100000.0
1768467173835,0.66899,3100000.0,0.66893,3100000.0
1768467175900,0.669,3100000.0,0.66894,3100000.0
1768467176270,0.66899,3100000.0,0.66893,3100000.0
1768467176478,0.669,3100000.0,0.66894,3100000.0
1768467180800,0.66899,3100000.0,0.66893,3100000.0
1768467180869,0.66898,3100000.0,0.66892,3100000.0
1768467181029,0.66897,3100000.0,0.66891,3100000.0
1768467182094,0.66898,3100000.0,0.66892,3100000.0
1768467183787,0.66897,3100000.0,0.66891,3100000.0
1768467184721,0.66898,3100000.0,0.66892,3100000.0
1768467185072,0.66897,3100000.0,0.66891,3100000.0
1768467185652,0.66896,3100000.0,0.6689,3100000.0
1768467185821,0.66897,3100000.0,0.66891,3100000.0
1768467195184,0.66896,3100000.0,0.6689,3100000.0
1768467195343,0.66897,3100000.0,0.66891,3100000.0
1768467197222,0.66896,3100000.0,0.6689,3100000.0
1768467207683,0.66898,3100000.0,0.66892,3100000.0
1768467208223,0.66897,3100000.0,0.66891,3100000.0
1768467210019,0.66898,3100000.0,0.66892,3100000.0
1768467218088,0.66897,3100000.0,0.66891,3100000.0
1768467218307,0.66896,3100000.0,0.6689,3100000.0
1768467224651,0.66895,3100000.0,0.66889,3100000.0
1768467225151,0.66896,3100000.0,0.6689,3100000.0
1768467242382,0.66897,3100000.0,0.66891,3100000.0
1768467243005,0.66898,3100000.0,0.66892,3100000.0
1768467243107,0.66897,3100000.0,0.66891,3100000.0
1768467244290,0.66898,3100000.0,0.66892,3100000.0
1768467244548,0.66899,3100000.0,0.66893,3100000.0
1768467247183,0.669,3100000.0,0.66894,3100000.0
1768467247529,0.66899,3100000.0,0.66893,3100000.0
1768467247690,0.669,3100000.0,0.66894,3100000.0
1768467252269,0.66899,3100000.0,0.66893,3100000.0
1768467253574,0.66898,3100000.0,0.66892,3100000.0
1768467253752,0.66897,3100000.0,0.66891,3100000.0
1768467256846,0.66898,3100000.0,0.66892,3100000.0
1768467269576,0.66897,3100000.0,0.66891,3100000.0
1768467270257,0.66898,3100000.0,0.66892,3100000.0
1768467270683,0.66897,3100000.0,0.66891,3100000.0
1768467272564,0.66898,3100000.0,0.66892,3100000.0
1768467273064,0.66897,3100000.0,0.66891,3100000.0
1768467278518,0.66898,3100000.0,0.66892,3100000.0
1768467279275,0.66897,3100000.0,0.66891,3100000.0
1768467280728,0.66898,3100000.0,0.66892,3100000.0
1768467298572,0.66897,3100000.0,0.66891,3100000.0
1768467299549,0.66898,3100000.0,0.66892,3100000.0
1768467300135,0.66897,3100000.0,0.66891,3100000.0
1768467300884,0.66896,3100000.0,0.6689,3100000.0
1768467323320,0.66895,3100000.0,0.66889,3100000.0
1768467325642,0.66896,3100000.0,0.6689,3100000.0
1768467332337,0.66898,3100000.0,0.66892,3100000.0
1768467334777,0.66897,3100000.0,0.66891,3100000.0
1768467336854,0.66898,3100000.0,0.66892,3100000.0
1768467339811,0.66897,3100000.0,0.66891,3100000.0
1768467341447,0.66896,3100000.0,0.6689,3100000.0
1768467341923,0.66898,3100000.0,0.66892,3100000.0
1768467342063,0.66897,3100000.0,0.66891,3100000.0
1768467347323,0.66898,3100000.0,0.66892,3100000.0
1768467347366,0.66899,3100000.0,0.66893,3100000.0
1768467352079,0.669,3100000.0,0.66894,3100000.0
1768467352304,0.66901,3100000.0,0.66895,3100000.0
1768467352758,0.669,3100000.0,0.66894,3100000.0
1768467352906,0.66901,3100000.0,0.66895,3100000.0
1768467361472,0.669,3100000.0,0.66894,3100000.0
1768467361738,0.66901,3100000.0,0.66895,3100000.0
1768467361986,0.669,3100000.0,0.66894,3100000.0
1768467362963,0.66901,3100000.0,0.66895,3100000.0
1768467371284,0.66902,3100000.0,0.66896,3100000.0
1768467377514,0.66903,3100000.0,0.66897,3100000.0
1768467378218,0.66902,3100000.0,0.66896,3100000.0
1768467378532,0.66901,3100000.0,0.66895,3100000.0
1768467383772,0.669,3100000.0,0.66894,3100000.0
1768467387058,0.66901,3100000.0,0.66895,3100000.0
1768467389203,0.66902,3100000.0,0.66896,3100000.0
1768467389972,0.66901,3100000.0,0.66895,3100000.0
1768467402119,0.66902,3100000.0,0.66896,3100000.0
1768467412224,0.66901,3100000.0,0.66895,3100000.0
1768467412327,0.66902,3100000.0,0.66896,3100000.0
1768467416156,0.66901,3100000.0,0.66895,3100000.0
1768467418489,0.66902,3100000.0,0.66896,3100000.0
1768467420041,0.66901,3100000.0,0.66895,3100000.0
1768467420234,0.66902,3100000.0,0.66896,3100000.0
1768467427611,0.66901,3100000.0,0.66895,3100000.0
1768467427927,0.66902,3100000.0,0.66896,3100000.0
1768467429500,0.66901,3100000.0,0.66895,3100000.0
1768467434689,0.669,3100000.0,0.66894,3100000.0
1768467434969,0.66901,3100000.0,0.66895,3100000.0
1768467436041,0.669,3100000.0,0.66894,3100000.0
1768467436507,0.66899,3100000.0,0.66893,3100000.0
1768467436663,0.669,3100000.0,0.66894,3100000.0
1768467437533,0.66899,3100000.0,0.66893,3100000.0
1768467438133,0.66898,3100000.0,0.66892,3100000.0
1768467443607,0.66896,3100000.0,0.6689,3100000.0
1768467443858,0.66897,3100000.0,0.66891,3100000.0
1768467445131,0.66898,3100000.0,0.66892,3100000.0
1768467450151,0.669,3100000.0,0.66894,3100000.0
1768467450528,0.66901,3100000.0,0.66895,3100000.0
1768467452328,0.66902,3100000.0,0.66896,3100000.0
1768467452579,0.66901,3100000.0,0.66895,3100000.0
1768467452828,0.66902,3100000.0,0.66896,3100000.0
1768467453208,0.66901,3100000.0,0.66895,3100000.0
1768467453463,0.66902,3100000.0,0.66896,3100000.0
1768467453709,0.66901,3100000.0,0.66895,3100000.0
1768467453950,0.66902,3100000.0,0.66896,3100000.0
1768467456984,0.66901,3100000.0,0.66895,3100000.0
1768467460467,0.66902,3100000.0,0.66896,3100000.0
1768467464736,0.66901,3100000.0,0.66895,3100000.0
1768467471153,0.66902,3100000.0,0.66896,3100000.0
1768467471228,0.66903,3100000.0,0.66897,3100000.0
1768467471380,0.66902,3100000.0,0.66896,3100000.0
1768467472321,0.66903,3100000.0,0.66897,3100000.0
