timestamp,open,high,low,close
2025-10-28T19:20:00,3955.01,3955.57,3954.04,3955.07
2025-10-28T19:21:00,3955.06,3957.15,3955.04,3957.15
2025-10-28T19:22:00,3957.14,3957.55,3955.3,3955.8
2025-10-28T19:23:00,3955.86,3956.21,3955.27,3955.39
2025-10-28T19:24:00,3955.46,3956.33,3955.25,3955.56
2025-10-28T19:25:00,3955.55,3955.95,3954.61,3955.53
2025-10-28T19:26:00,3955.56,3957.49,3955.54,3957.44
2025-10-28T19:27:00,3957.42,3957.94,3956.43,3956.52
2025-10-28T19:28:00,3956.56,3957.29,3956.39,3957.0
2025-10-28T19:29:00,3956.98,3957.17,3955.63,3955.63
2025-10-28T19:30:00,3955.64,3956.96,3954.53,3955.03
2025-10-28T19:31:00,3955.04,3955.04,3952.43,3952.78
2025-10-28T19:32:00,3952.82,3953.06,3950.77,3952.28
2025-10-28T19:33:00,3952.27,3954.3,3952.11,3953.93
2025-10-28T19:34:00,3953.95,3955.82,3952.89,3955.74
2025-10-28T19:35:00,3955.72,3957.43,3954.95,3956.56
2025-10-28T19:36:00,3956.59,3957.2,3956.23,3956.6
2025-10-28T19:37:00,3956.62,3956.67,3955.3,3955.65
2025-10-28T19:38:00,3955.66,3956.18,3955.52,3955.83
2025-10-28T19:39:00,3955.77,3956.41,3955.47,3955.87
2025-10-28T19:40:00,3955.88,3956.22,3955.02,3956.0
2025-10-28T19:41:00,3955.99,3956.06,3954.76,3955.65
2025-10-28T19:42:00,3955.67,3956.61,3954.98,3955.84
2025-10-28T19:43:00,3955.87,3956.57,3955.5,3956.32
2025-10-28T19:44:00,3956.33,3956.68,3955.48,3956.25
2025-10-28T19:45:00,3956.27,3957.03,3955.72,3956.27
2025-10-28T19:46:00,3956.3,3956.44,3954.97,3955.34
2025-10-28T19:47:00,3955.36,3955.68,3955.02,3955.41
2025-10-28T19:48:00,3955.42,3956.23,3955.01,3955.89
2025-10-28T19:49:00,3955.87,3957.19,3955.87,3956.86
2025-10-28T19:50:00,3956.67,3956.95,3955.21,3955.27
2025-10-28T19:51:00,3955.23,3957.01,3954.93,3956.59
2025-10-28T19:52:00,3956.51,3960.16,3956.39,3959.33
2025-10-28T19:53:00,3959.37,3961.91,3959.04,3961.36
2025-10-28T19:54:00,3961.39,3962.63,3960.87,3962.63
2025-10-28T19:55:00,3962.56,3962.58,3959.21,3960.5
2025-10-28T19:56:00,3960.51,3961.42,3959.95,3960.34
2025-10-28T19:57:00,3960.24,3960.4,3959.07,3959.34
2025-10-28T19:58:00,3959.36,3960.77,3958.89,3959.88
2025-10-28T19:59:00,3959.94,3961.67,3959.62,3960.1
2025-10-28T20:00:00,3960.13,3960.88,3959.58,3959.9
2025-10-28T20:01:00,3959.92,3959.92,3958.39,3958.62
2025-10-28T20:02:00,3958.59,3959.88,3958.51,3959.85
2025-10-28T20:03:00,3959.86,3960.03,3958.31,3958.55
2025-10-28T20:04:00,3958.49,3958.7,3957.96,3958.2
2025-10-28T20:05:00,3958.19,3958.5,3955.6,3955.6
2025-10-28T20:06:00,3955.61,3956.86,3952.69,3952.79
2025-10-28T20:07:00,3952.8,3953.52,3951.82,3953.45
2025-10-28T20:08:00,3953.46,3955.15,3952.91,3954.31
2025-10-28T20:09:00,3954.32,3954.47,3953.5,3954.44
2025-10-28T20:10:00,3954.48,3954.49,3953.53,3954.2
2025-10-28T20:11:00,3954.18,3954.18,3952.9,3953.05
2025-10-28T20:12:00,3953.11,3953.59,3952.32,3953.52
2025-10-28T20:13:00,3953.53,3953.66,3953.13,3953.27
2025-10-28T20:14:00,3953.24,3954.49,3953.24,3954.13
2025-10-28T20:15:00,3954.12,3954.97,3953.65,3953.97
2025-10-28T20:16:00,3953.9,3954.38,3953.73,3954.33
2025-10-28T20:17:00,3954.32,3957.45,3954.3,3955.2
2025-10-28T20:18:00,3955.19,3955.45,3953.66,3954.02
2025-10-28T20:19:00,3953.98,3954.52,3953.46,3954.29
2025-10-28T20:20:00,3954.3,3954.52,3954.04,3954.5
2025-10-28T20:21:00,3954.51,3955.21,3954.21,3954.31
2025-10-28T20:22:00,3954.3,3955.34,3954.24,3954.63
2025-10-28T20:23:00,3954.52,3954.56,3953.08,3953.47
2025-10-28T20:24:00,3953.44,3953.7,3951.59,3951.64
2025-10-28T20:25:00,3951.61,3951.98,3950.92,3951.43
2025-10-28T20:26:00,3951.34,3952.27,3951.23,3951.49
2025-10-28T20:27:00,3951.48,3951.77,3949.96,3950.33
2025-10-28T20:28:00,3950.3,3950.62,3949.36,3949.59
2025-10-28T20:29:00,3949.58,3951.53,3949.58,3951.01
2025-10-28T20:30:00,3950.99,3952.41,3950.99,3952.41
2025-10-28T20:31:00,3952.4,3952.77,3951.63,3951.63
2025-10-28T20:32:00,3951.64,3951.98,3951.24,3951.75
2025-10-28T20:33:00,3951.78,3953.4,3951.78,3952.94
2025-10-28T20:34:00,3952.93,3954.02,3952.77,3953.9
2025-10-28T20:35:00,3953.89,3954.8,3953.88,3954.46
2025-10-28T20:36:00,3954.4,3956.12,3954.2,3955.57
2025-10-28T20:37:00,3955.55,3956.17,3954.8,3954.93
2025-10-28T20:38:00,3955.05,3955.75,3953.68,3953.9
2025-10-28T20:39:00,3953.99,3954.46,3953.01,3953.5
2025-10-28T20:40:00,3953.49,3953.73,3953.35,3953.65
2025-10-28T20:41:00,3953.53,3955.92,3953.09,3955.7
2025-10-28T20:42:00,3955.71,3955.8,3954.64,3954.72
2025-10-28T20:43:00,3954.6,3955.29,3954.03,3954.64
2025-10-28T20:44:00,3954.56,3955.05,3954.49,3955.04
2025-10-28T20:45:00,3955.05,3955.09,3953.63,3953.72
2025-10-28T20:46:00,3953.76,3954.71,3953.64,3953.8
2025-10-28T20:47:00,3953.72,3954.24,3953.18,3953.18
2025-10-28T20:48:00,3953.17,3953.17,3950.57,3950.76
2025-10-28T20:49:00,3950.74,3954.11,3950.65,3954.06
2025-10-28T20:50:00,3954.04,3955.16,3953.82,3955.13
2025-10-28T20:51:00,3955.12,3955.3,3953.8,3953.82
2025-10-28T20:52:00,3953.81,3954.32,3953.4,3953.41
2025-10-28T20:53:00,3953.32,3953.4,3951.78,3951.78
2025-10-28T20:54:00,3951.74,3952.15,3949.9,3950.04
2025-10-28T20:55:00,3950.05,3952.78,3950.05,3952.5
2025-10-28T20:56:00,3952.38,3952.51,3951.17,3951.17
2025-10-28T20:57:00,3951.27,3952.34,3951.27,3952.01
2025-10-28T20:58:00,3952.03,3952.39,3951.49,3952.14
2025-10-28T22:00:00,3955.01,3957.31,3954.9,3955.83
2025-10-28T22:01:00,3955.82,3958.21,3955.82,3957.31
2025-10-28T22:02:00,3957.32,3961.34,3956.84,3958.56
2025-10-28T22:03:00,3958.55,3959.99,3956.61,3957.65
2025-10-28T22:04:00,3957.64,3958.26,3955.13,3956.2
2025-10-28T22:05:00,3956.24,3956.24,3954.43,3955.4
2025-10-28T22:06:00,3955.39,3955.61,3949.51,3950.05
2025-10-28T22:07:00,3950.2,3952.21,3914.87,3930.98
2025-10-28T22:08:00,3930.96,3941.72,3922.8,3936.37
2025-10-28T22:09:00,3936.38,3937.03,3932.97,3934.37
2025-10-28T22:10:00,3934.3,3942.96,3933.4,3942.54
2025-10-28T22:11:00,3942.67,3946.6,3937.77,3941.92
2025-10-28T22:12:00,3941.05,3944.07,3937.21,3937.61
2025-10-28T22:13:00,3937.59,3943.01,3937.41,3941.89
2025-10-28T22:14:00,3941.79,3942.36,3936.23,3936.75
2025-10-28T22:15:00,3936.79,3940.05,3936.79,3939.12
2025-10-28T22:16:00,3939.31,3939.88,3936.22,3938.46
2025-10-28T22:17:00,3938.27,3941.46,3937.38,3940.37
2025-10-28T22:18:00,3940.59,3941.83,3939.43,3940.82
2025-10-28T22:19:00,3940.8,3941.06,3938.38,3939.03
2025-10-28T22:20:00,3939.06,3939.06,3927.63,3933.32
2025-10-28T22:21:00,3933.46,3939.9,3932.64,3937.71
2025-10-28T22:22:00,3937.66,3940.0,3936.86,3939.18
2025-10-28T22:23:00,3939.23,3941.21,3937.95,3939.04
2025-10-28T22:24:00,3939.15,3940.14,3938.08,3939.81
2025-10-28T22:25:00,3939.84,3939.84,3936.76,3937.76
2025-10-28T22:26:00,3937.75,3938.35,3935.54,3936.92
2025-10-28T22:27:00,3936.91,3938.57,3936.1,3938.46
2025-10-28T22:28:00,3938.49,3943.21,3938.49,3943.21
2025-10-28T22:29:00,3943.27,3950.07,3943.27,3946.3
2025-10-28T22:30:00,3946.26,3946.58,3944.33,3945.38
2025-10-28T22:31:00,3945.52,3945.86,3943.69,3944.02
2025-10-28T22:32:00,3944.01,3944.05,3941.94,3942.94
2025-10-28T22:33:00,3943.02,3945.88,3942.52,3944.19
2025-10-28T22:34:00,3944.16,3944.16,3941.18,3941.18
2025-10-28T22:35:00,3941.4,3944.2,3941.32,3944.07
2025-10-28T22:36:00,3944.02,3944.04,3941.15,3941.31
2025-10-28T22:37:00,3941.3,3942.6,3940.33,3940.36
2025-10-28T22:38:00,3940.53,3941.65,3940.15,3940.18
2025-10-28T22:39:00,3940.15,3943.65,3939.36,3943.14
2025-10-28T22:40:00,3943.07,3945.84,3942.86,3944.65
2025-10-28T22:41:00,3944.71,3945.9,3944.61,3945.74
2025-10-28T22:42:00,3945.79,3947.47,3945.54,3946.02
2025-10-28T22:43:00,3946.01,3946.02,3942.32,3942.8
2025-10-28T22:44:00,3942.81,3944.82,3941.99,3943.34
2025-10-28T22:45:00,3943.26,3943.26,3938.02,3938.76
2025-10-28T22:46:00,3938.64,3939.52,3936.6,3937.25
2025-10-28T22:47:00,3937.31,3939.56,3936.92,3937.07
2025-10-28T22:48:00,3937.06,3937.08,3934.33,3936.97
2025-10-28T22:49:00,3936.92,3939.37,3936.77,3939.2
2025-10-28T22:50:00,3939.18,3940.41,3939.12,3939.24
2025-10-28T22:51:00,3939.2,3941.14,3938.02,3938.31
2025-10-28T22:52:00,3938.44,3938.67,3934.98,3934.98
2025-10-28T22:53:00,3934.92,3936.75,3934.92,3935.86
2025-10-28T22:54:00,3935.9,3936.17,3934.28,3935.21
2025-10-28T22:55:00,3935.2,3937.05,3934.84,3935.89
2025-10-28T22:56:00,3935.96,3936.73,3934.72,3935.9
2025-10-28T22:57:00,3935.91,3938.26,3935.71,3936.17
2025-10-28T22:58:00,3936.16,3936.77,3933.9,3935.98
2025-10-28T22:59:00,3936.28,3936.99,3933.91,3934.04
2025-10-28T23:00:00,3934.03,3940.37,3934.0,3938.56
2025-10-28T23:01:00,3938.97,3940.71,3937.94,3938.72
2025-10-28T23:02:00,3938.7,3939.94,3938.11,3938.11
2025-10-28T23:03:00,3938.12,3939.53,3937.75,3939.5
2025-10-28T23:04:00,3939.53,3942.61,3939.31,3942.43
2025-10-28T23:05:00,3942.54,3943.89,3940.84,3942.57
2025-10-28T23:06:00,3942.61,3943.97,3942.48,3943.97
2025-10-28T23:07:00,3944.01,3944.67,3943.29,3943.91
2025-10-28T23:08:00,3943.88,3943.94,3942.81,3943.94
2025-10-28T23:09:00,3943.97,3944.85,3943.84,3944.84
2025-10-28T23:10:00,3944.86,3947.98,3944.78,3946.08
2025-10-28T23:11:00,3946.15,3948.66,3944.63,3947.96
2025-10-28T23:12:00,3947.98,3948.99,3946.95,3947.09
2025-10-28T23:13:00,3947.08,3948.84,3946.68,3948.84
2025-10-28T23:14:00,3948.89,3948.99,3946.79,3947.38
2025-10-28T23:15:00,3947.34,3947.83,3947.28,3947.65
2025-10-28T23:16:00,3947.67,3948.3,3946.88,3947.75
2025-10-28T23:17:00,3947.73,3949.92,3947.68,3949.47
2025-10-28T23:18:00,3949.5,3949.9,3949.25,3949.61
2025-10-28T23:19:00,3949.62,3953.35,3948.68,3953.24
2025-10-28T23:20:00,3953.27,3953.93,3950.42,3950.55
2025-10-28T23:21:00,3950.53,3951.95,3950.52,3951.17
2025-10-28T23:22:00,3951.19,3951.28,3950.36,3950.81
2025-10-28T23:23:00,3950.82,3952.83,3950.32,3952.62
2025-10-28T23:24:00,3952.63,3952.91,3951.78,3952.58
2025-10-28T23:25:00,3952.61,3953.82,3952.48,3952.66
2025-10-28T23:26:00,3952.67,3952.67,3950.55,3951.42
2025-10-28T23:27:00,3951.4,3951.86,3950.73,3950.8
2025-10-28T23:28:00,3950.79,3951.55,3950.59,3950.74
2025-10-28T23:29:00,3950.69,3951.02,3950.69,3950.8
2025-10-28T23:30:00,3950.79,3951.66,3950.35,3951.66
2025-10-28T23:31:00,3951.74,3952.03,3951.26,3951.68
2025-10-28T23:32:00,3951.6,3951.63,3950.02,3950.3
2025-10-28T23:33:00,3950.31,3951.05,3950.31,3950.56
2025-10-28T23:34:00,3950.51,3950.84,3949.54,3949.54
2025-10-28T23:35:00,3949.56,3949.56,3947.92,3947.92
2025-10-28T23:36:00,3947.86,3948.45,3947.17,3948.01
2025-10-28T23:37:00,3947.98,3948.59,3947.77,3948.14
2025-10-28T23:38:00,3948.13,3949.85,3947.92,3949.64
2025-10-28T23:39:00,3949.71,3951.08,3949.43,3949.46
2025-10-28T23:40:00,3949.28,3949.71,3948.0,3948.35
2025-10-28T23:41:00,3948.36,3950.67,3948.34,3949.8
2025-10-28T23:42:00,3949.81,3953.95,3949.55,3953.95
2025-10-28T23:43:00,3954.06,3958.57,3954.01,3958.17
2025-10-28T23:44:00,3958.15,3959.62,3956.0,3959.62
2025-10-28T23:45:00,3959.63,3960.91,3957.09,3958.31
2025-10-28T23:46:00,3958.26,3958.43,3955.34,3955.74
2025-10-28T23:47:00,3955.76,3956.5,3954.92,3955.31
2025-10-28T23:48:00,3955.3,3956.36,3954.98,3956.18
2025-10-28T23:49:00,3956.22,3958.93,3956.07,3957.59
2025-10-28T23:50:00,3957.57,3958.69,3957.25,3958.51
2025-10-28T23:51:00,3958.53,3959.36,3957.3,3958.76
2025-10-28T23:52:00,3958.78,3959.4,3957.96,3958.59
2025-10-28T23:53:00,3958.61,3961.12,3958.61,3960.26
2025-10-28T23:54:00,3960.14,3961.71,3959.55,3960.21
2025-10-28T23:55:00,3960.15,3963.54,3959.95,3963.27
2025-10-28T23:56:00,3963.11,3964.84,3962.19,3964.49
2025-10-28T23:57:00,3964.48,3967.63,3962.23,3965.87
2025-10-28T23:58:00,3965.83,3966.5,3963.92,3965.8
2025-10-28T23:59:00,3965.71,3965.79,3962.77,3964.74
2025-10-29T00:00:00,3964.73,3965.61,3961.22,3964.64
2025-10-29T00:01:00,3964.63,3966.41,3962.51,3965.09
2025-10-29T00:02:00,3965.07,3967.29,3964.65,3966.17
2025-10-29T00:03:00,3966.2,3966.77,3964.76,3966.46
2025-10-29T00:04:00,3966.4,3968.83,3966.0,3968.62
2025-10-29T00:05:00,3968.63,3968.67,3966.2,3966.64
2025-10-29T00:06:00,3966.65,3968.02,3965.09,3965.12
2025-10-29T00:07:00,3965.02,3967.45,3964.93,3966.68
2025-10-29T00:08:00,3966.67,3967.09,3964.29,3965.16
2025-10-29T00:09:00,3965.21,3965.36,3962.08,3962.15
2025-10-29T00:10:00,3962.13,3962.3,3959.24,3959.96
2025-10-29T00:11:00,3960.08,3962.54,3959.96,3962.54
2025-10-29T00:12:00,3962.33,3966.06,3961.94,3965.98
2025-10-29T00:13:00,3966.02,3966.77,3963.3,3963.3
2025-10-29T00:14:00,3963.15,3963.15,3960.9,3961.9
2025-10-29T00:15:00,3962.04,3962.42,3960.79,3960.79
2025-10-29T00:16:00,3960.78,3961.58,3959.94,3959.94
2025-10-29T00:17:00,3959.87,3964.7,3959.59,3963.8
2025-10-29T00:18:00,3963.78,3964.84,3962.94,3964.65
2025-10-29T00:19:00,3964.78,3966.73,3964.78,3966.73
2025-10-29T00:20:00,3966.77,3966.84,3964.44,3965.59
2025-10-29T00:21:00,3965.57,3966.43,3965.57,3966.19
2025-10-29T00:22:00,3966.24,3967.88,3966.19,3967.63
2025-10-29T00:23:00,3967.64,3968.52,3967.6,3968.41
2025-10-29T00:24:00,3968.43,3970.17,3967.28,3969.3
2025-10-29T00:25:00,3969.29,3969.42,3967.54,3967.84
2025-10-29T00:26:00,3967.88,3967.92,3965.16,3965.16
2025-10-29T00:27:00,3965.19,3968.83,3964.63,3968.83
2025-10-29T00:28:00,3968.77,3970.37,3968.63,3970.25
2025-10-29T00:29:00,3970.26,3972.0,3969.36,3970.91
2025-10-29T00:30:00,3970.88,3971.41,3966.79,3969.5
2025-10-29T00:31:00,3969.51,3971.39,3969.5,3971.09
2025-10-29T00:32:00,3971.12,3972.02,3971.05,3971.64
2025-10-29T00:33:00,3971.54,3972.02,3970.87,3970.89
2025-10-29T00:34:00,3970.87,3971.83,3970.76,3971.42
2025-10-29T00:35:00,3971.44,3971.99,3970.92,3971.56
2025-10-29T00:36:00,3971.58,3972.73,3971.28,3971.82
2025-10-29T00:37:00,3971.78,3973.02,3971.65,3972.74
2025-10-29T00:38:00,3972.58,3973.3,3972.4,3972.43
2025-10-29T00:39:00,3972.44,3975.01,3972.38,3974.9
2025-10-29T00:40:00,3974.89,3977.32,3974.85,3976.37
2025-10-29T00:41:00,3976.36,3980.63,3976.36,3980.63
2025-10-29T00:42:00,3980.64,3980.69,3978.39,3979.76
2025-10-29T00:43:00,3979.78,3982.4,3978.65,3981.55
2025-10-29T00:44:00,3981.57,3982.08,3979.93,3981.51
2025-10-29T00:45:00,3981.44,3982.08,3980.75,3980.8
2025-10-29T00:46:00,3980.89,3981.25,3980.16,3980.46
2025-10-29T00:47:00,3980.44,3980.77,3979.71,3980.09
2025-10-29T00:48:00,3980.13,3980.73,3978.43,3980.15
2025-10-29T00:49:00,3980.19,3980.2,3977.06,3978.42
2025-10-29T00:50:00,3978.53,3978.76,3975.84,3976.02
2025-10-29T00:51:00,3976.01,3976.01,3974.26,3974.27
2025-10-29T00:52:00,3974.24,3974.82,3972.43,3973.09
2025-10-29T00:53:00,3973.08,3975.41,3972.82,3975.08
2025-10-29T00:54:00,3975.06,3975.61,3973.75,3975.31
2025-10-29T00:55:00,3975.29,3976.01,3974.79,3975.45
2025-10-29T00:56:00,3975.38,3977.08,3974.83,3977.08
2025-10-29T00:57:00,3977.13,3977.31,3973.91,3974.5
2025-10-29T00:58:00,3974.38,3975.31,3973.65,3974.02
2025-10-29T00:59:00,3973.93,3975.94,3973.85,3975.28
2025-10-29T01:00:00,3975.31,3977.93,3974.87,3975.47
2025-10-29T01:01:00,3975.28,3978.11,3974.22,3975.81
2025-10-29T01:02:00,3975.8,3977.27,3975.15,3977.0
2025-10-29T01:03:00,3977.03,3977.78,3975.37,3977.07
2025-10-29T01:04:00,3977.06,3977.34,3973.96,3974.1
2025-10-29T01:05:00,3974.14,3975.13,3970.74,3970.95
2025-10-29T01:06:00,3970.87,3972.03,3968.8,3969.93
2025-10-29T01:07:00,3969.92,3970.98,3969.05,3970.77
2025-10-29T01:08:00,3970.76,3974.19,3970.68,3973.27
2025-10-29T01:09:00,3973.25,3978.77,3972.53,3977.84
2025-10-29T01:10:00,3977.86,3979.44,3975.88,3979.05
2025-10-29T01:11:00,3979.08,3979.37,3976.64,3977.3
2025-10-29T01:12:00,3977.32,3979.24,3976.55,3978.96
2025-10-29T01:13:00,3978.95,3979.91,3978.11,3978.54
2025-10-29T01:14:00,3978.49,3978.82,3976.68,3977.04
2025-10-29T01:15:00,3977.09,3978.19,3973.07,3974.06
2025-10-29T01:16:00,3974.05,3975.54,3973.95,3975.48
2025-10-29T01:17:00,3975.59,3976.18,3973.98,3975.91
2025-10-29T01:18:00,3975.88,3978.02,3975.24,3977.55
2025-10-29T01:19:00,3977.46,3977.49,3975.09,3976.05
2025-10-29T01:20:00,3975.93,3977.33,3975.8,3977.19
2025-10-29T01:21:00,3977.2,3978.71,3975.24,3976.64
2025-10-29T01:22:00,3976.63,3979.2,3976.55,3978.93
2025-10-29T01:23:00,3978.92,3979.12,3976.8,3978.81
2025-10-29T01:24:00,3978.71,3978.89,3977.12,3977.32
2025-10-29T01:25:00,3977.27,3977.79,3976.01,3976.46
2025-10-29T01:26:00,3976.47,3976.64,3974.71,3974.93
2025-10-29T01:27:00,3974.86,3975.92,3974.42,3975.61
2025-10-29T01:28:00,3975.63,3975.7,3972.54,3972.58
2025-10-29T01:29:00,3972.69,3973.97,3972.3,3973.05
2025-10-29T01:30:00,3973.04,3974.46,3970.22,3970.25
2025-10-29T01:31:00,3970.2,3973.55,3970.01,3971.61
2025-10-29T01:32:00,3971.58,3973.18,3970.37,3972.67
2025-10-29T01:33:00,3972.68,3972.68,3969.3,3969.79
2025-10-29T01:34:00,3969.78,3970.78,3968.79,3970.23
2025-10-29T01:35:00,3970.18,3973.84,3969.29,3973.36
2025-10-29T01:36:00,3973.4,3973.47,3969.98,3970.61
2025-10-29T01:37:00,3970.71,3973.02,3970.71,3972.3
2025-10-29T01:38:00,3972.37,3972.9,3971.52,3971.8
2025-10-29T01:39:00,3971.86,3972.04,3969.45,3969.45
2025-10-29T01:40:00,3969.44,3969.75,3966.05,3966.26
2025-10-29T01:41:00,3966.27,3969.84,3966.06,3969.12
2025-10-29T01:42:00,3969.13,3969.93,3967.31,3968.44
2025-10-29T01:43:00,3968.4,3969.44,3967.41,3968.23
2025-10-29T01:44:00,3968.22,3968.28,3966.14,3967.45
2025-10-29T01:45:00,3967.33,3972.89,3967.01,3972.59
2025-10-29T01:46:00,3972.57,3975.33,3972.26,3974.94
2025-10-29T01:47:00,3974.93,3977.0,3974.58,3976.19
2025-10-29T01:48:00,3976.18,3976.18,3973.95,3974.15
2025-10-29T01:49:00,3974.14,3974.14,3971.76,3972.15
2025-10-29T01:50:00,3972.07,3974.68,3971.51,3972.88
2025-10-29T01:51:00,3972.86,3974.65,3972.65,3974.44
2025-10-29T01:52:00,3974.56,3975.4,3973.8,3974.43
2025-10-29T01:53:00,3974.44,3975.05,3973.34,3974.77
2025-10-29T01:54:00,3974.87,3975.93,3974.7,3975.57
2025-10-29T01:55:00,3975.51,3976.81,3974.8,3975.33
2025-10-29T01:56:00,3975.34,3975.36,3973.37,3973.42
2025-10-29T01:57:00,3973.4,3973.97,3971.63,3973.31
2025-10-29T01:58:00,3973.22,3974.63,3973.12,3974.29
2025-10-29T01:59:00,3974.28,3974.5,3973.64,3973.64
2025-10-29T02:00:00,3973.6,3974.39,3972.51,3973.93
2025-10-29T02:01:00,3973.92,3973.93,3969.78,3970.16
2025-10-29T02:02:00,3970.1,3971.49,3969.66,3971.18
2025-10-29T02:03:00,3971.24,3971.97,3970.45,3970.53
2025-10-29T02:04:00,3970.52,3970.75,3969.16,3969.87
2025-10-29T02:05:00,3969.86,3971.35,3969.8,3970.27
2025-10-29T02:06:00,3970.3,3971.82,3970.12,3970.12
2025-10-29T02:07:00,3970.15,3971.5,3969.37,3970.86
2025-10-29T02:08:00,3970.89,3972.76,3970.78,3972.61
2025-10-29T02:09:00,3972.57,3973.26,3970.8,3971.55
2025-10-29T02:10:00,3971.65,3971.94,3966.29,3967.42
2025-10-29T02:11:00,3967.5,3968.51,3966.64,3967.68
2025-10-29T02:12:00,3967.74,3967.81,3965.25,3966.57
2025-10-29T02:13:00,3966.52,3967.79,3966.37,3967.24
2025-10-29T02:14:00,3967.23,3967.66,3966.38,3966.44
2025-10-29T02:15:00,3966.49,3967.66,3964.84,3966.45
2025-10-29T02:16:00,3966.44,3969.08,3965.67,3969.02
2025-10-29T02:17:00,3969.0,3969.61,3968.33,3969.14
2025-10-29T02:18:00,3969.2,3969.96,3967.32,3967.53
2025-10-29T02:19:00,3967.5,3968.94,3966.82,3968.37
2025-10-29T02:20:00,3968.36,3968.4,3964.71,3965.36
2025-10-29T02:21:00,3965.37,3965.97,3964.16,3965.04
2025-10-29T02:22:00,3964.98,3965.05,3961.97,3964.13
2025-10-29T02:23:00,3964.12,3966.68,3963.91,3964.89
2025-10-29T02:24:00,3964.9,3966.36,3964.67,3965.65
2025-10-29T02:25:00,3965.68,3965.78,3964.76,3965.51
2025-10-29T02:26:00,3965.5,3965.76,3964.0,3964.74
2025-10-29T02:27:00,3964.79,3965.53,3964.09,3964.52
2025-10-29T02:28:00,3964.54,3965.16,3964.2,3964.9
2025-10-29T02:29:00,3964.89,3965.01,3963.0,3963.34
2025-10-29T02:30:00,3963.36,3964.66,3961.91,3962.96
2025-10-29T02:31:00,3963.03,3963.19,3959.3,3959.99
2025-10-29T02:32:00,3960.01,3961.1,3954.58,3957.13
2025-10-29T02:33:00,3957.16,3957.94,3954.96,3955.43
2025-10-29T02:34:00,3955.46,3955.76,3951.99,3955.76
2025-10-29T02:35:00,3955.78,3955.91,3946.99,3948.04
2025-10-29T02:36:00,3948.03,3950.16,3944.18,3948.02
2025-10-29T02:37:00,3947.95,3950.32,3947.8,3950.0
2025-10-29T02:38:00,3950.09,3953.53,3950.09,3953.32
2025-10-29T02:39:00,3953.3,3953.49,3951.14,3952.78
2025-10-29T02:40:00,3952.8,3952.89,3948.41,3951.2
2025-10-29T02:41:00,3951.17,3953.67,3950.83,3953.03
2025-10-29T02:42:00,3953.0,3955.15,3951.55,3955.15
2025-10-29T02:43:00,3955.16,3955.99,3954.04,3954.31
2025-10-29T02:44:00,3954.34,3954.97,3953.21,3954.11
2025-10-29T02:45:00,3954.12,3955.28,3953.44,3954.4
2025-10-29T02:46:00,3954.38,3954.67,3952.66,3952.78
2025-10-29T02:47:00,3952.9,3953.85,3951.41,3953.39
2025-10-29T02:48:00,3953.4,3956.16,3952.73,3956.0
2025-10-29T02:49:00,3956.05,3959.14,3955.99,3959.14
2025-10-29T02:50:00,3959.07,3960.17,3958.22,3959.17
2025-10-29T02:51:00,3959.11,3959.24,3956.62,3957.21
2025-10-29T02:52:00,3957.26,3958.79,3957.02,3957.38
2025-10-29T02:53:00,3957.37,3957.75,3955.93,3957.26
2025-10-29T02:54:00,3957.22,3957.68,3956.76,3957.28
2025-10-29T02:55:00,3957.3,3958.25,3956.77,3958.17
2025-10-29T02:56:00,3958.12,3958.81,3957.28,3957.54
2025-10-29T02:57:00,3957.51,3958.63,3957.23,3958.57
2025-10-29T02:58:00,3958.65,3959.42,3958.54,3958.55
2025-10-29T02:59:00,3958.57,3961.42,3958.51,3961.09
2025-10-29T03:00:00,3961.14,3963.4,3960.98,3962.99
2025-10-29T03:01:00,3963.04,3963.51,3962.63,3962.94
2025-10-29T03:02:00,3962.95,3962.95,3960.87,3962.34
2025-10-29T03:03:00,3962.36,3962.48,3960.24,3960.45
2025-10-29T03:04:00,3960.43,3962.48,3960.43,3962.08
2025-10-29T03:05:00,3962.13,3963.98,3961.94,3963.37
2025-10-29T03:06:00,3963.42,3963.62,3961.81,3962.86
2025-10-29T03:07:00,3962.84,3963.86,3962.23,3962.34
2025-10-29T03:08:00,3962.36,3963.09,3962.16,3963.02
2025-10-29T03:09:00,3963.07,3963.07,3959.92,3960.29
2025-10-29T03:10:00,3960.31,3961.2,3959.41,3960.89
2025-10-29T03:11:00,3960.91,3961.98,3960.17,3960.3
2025-10-29T03:12:00,3960.33,3960.73,3958.7,3960.12
2025-10-29T03:13:00,3960.13,3960.13,3958.84,3959.42
2025-10-29T03:14:00,3959.43,3959.56,3958.68,3958.97
2025-10-29T03:15:00,3958.99,3960.63,3958.32,3960.63
2025-10-29T03:16:00,3960.62,3961.23,3958.74,3960.02
2025-10-29T03:17:00,3960.08,3961.04,3959.24,3959.88
2025-10-29T03:18:00,3959.93,3963.05,3959.89,3962.38
2025-10-29T03:19:00,3962.35,3964.79,3962.31,3962.95
2025-10-29T03:20:00,3962.89,3963.8,3960.84,3961.12
2025-10-29T03:21:00,3961.14,3963.37,3961.05,3963.37
2025-10-29T03:22:00,3963.43,3965.77,3963.13,3964.9
2025-10-29T03:23:00,3964.93,3968.41,3964.9,3968.16
2025-10-29T03:24:00,3968.17,3969.64,3967.5,3969.21
2025-10-29T03:25:00,3969.23,3970.38,3968.77,3968.98
2025-10-29T03:26:00,3968.96,3969.69,3966.86,3966.93
2025-10-29T03:27:00,3966.94,3967.23,3964.61,3965.49
2025-10-29T03:28:00,3965.48,3966.5,3965.14,3966.02
2025-10-29T03:29:00,3966.0,3966.42,3964.18,3964.67
2025-10-29T03:30:00,3964.66,3966.19,3963.08,3965.86
2025-10-29T03:31:00,3965.91,3967.87,3965.91,3966.75
2025-10-29T03:32:00,3966.78,3967.46,3965.93,3967.4
2025-10-29T03:33:00,3967.44,3968.36,3967.14,3967.6
2025-10-29T03:34:00,3967.65,3968.23,3966.66,3967.44
2025-10-29T03:35:00,3967.43,3969.75,3967.38,3969.57
2025-10-29T03:36:00,3969.55,3969.83,3969.03,3969.6
2025-10-29T03:37:00,3969.61,3970.97,3968.76,3970.37
2025-10-29T03:38:00,3970.39,3970.95,3969.9,3970.45
2025-10-29T03:39:00,3970.47,3971.76,3969.81,3970.91
2025-10-29T03:40:00,3970.88,3972.08,3969.45,3971.9
2025-10-29T03:41:00,3971.73,3972.01,3969.43,3969.96
2025-10-29T03:42:00,3969.98,3970.5,3969.5,3970.05
2025-10-29T03:43:00,3970.0,3970.76,3969.35,3969.54
2025-10-29T03:44:00,3969.46,3969.94,3969.29,3969.75
2025-10-29T03:45:00,3969.74,3970.55,3969.05,3969.5
2025-10-29T03:46:00,3969.49,3969.84,3968.38,3969.45
2025-10-29T03:47:00,3969.49,3970.63,3969.49,3969.9
2025-10-29T03:48:00,3969.97,3970.28,3969.88,3970.0
2025-10-29T03:49:00,3970.01,3970.28,3969.4,3969.74
2025-10-29T03:50:00,3969.75,3970.64,3969.64,3969.65
2025-10-29T03:51:00,3969.67,3969.74,3969.24,3969.53
2025-10-29T03:52:00,3969.52,3969.67,3968.5,3968.58
2025-10-29T03:53:00,3968.65,3969.4,3966.87,3966.96
2025-10-29T03:54:00,3966.94,3967.19,3965.67,3966.67
2025-10-29T03:55:00,3966.7,3967.55,3966.58,3967.11
2025-10-29T03:56:00,3967.1,3967.82,3965.02,3965.6
2025-10-29T03:57:00,3965.63,3966.25,3965.35,3965.9
2025-10-29T03:58:00,3965.89,3965.9,3963.38,3963.49
2025-10-29T03:59:00,3963.55,3963.7,3962.46,3963.29
2025-10-29T04:00:00,3963.3,3963.37,3962.05,3962.95
2025-10-29T04:01:00,3963.02,3963.73,3963.01,3963.34
2025-10-29T04:02:00,3963.36,3963.95,3963.1,3963.29
2025-10-29T04:03:00,3963.3,3963.33,3962.48,3962.5
2025-10-29T04:04:00,3962.48,3962.84,3962.03,3962.55
2025-10-29T04:05:00,3962.59,3962.84,3960.49,3960.53
2025-10-29T04:06:00,3960.5,3960.88,3959.49,3960.84
2025-10-29T04:07:00,3960.83,3961.58,3960.55,3961.33
2025-10-29T04:08:00,3961.34,3961.6,3959.81,3960.37
2025-10-29T04:09:00,3960.38,3962.79,3960.27,3962.62
2025-10-29T04:10:00,3962.58,3964.79,3962.56,3964.11
2025-10-29T04:11:00,3964.15,3964.7,3961.62,3961.92
2025-10-29T04:12:00,3961.93,3962.3,3960.14,3960.25
2025-10-29T04:13:00,3960.31,3960.41,3956.46,3956.97
2025-10-29T04:14:00,3956.89,3957.98,3955.82,3956.25
2025-10-29T04:15:00,3956.24,3956.59,3953.93,3954.08
2025-10-29T04:16:00,3953.9,3960.26,3953.43,3960.16
2025-10-29T04:17:00,3960.18,3961.66,3957.48,3957.55
2025-10-29T04:18:00,3957.42,3959.28,3957.26,3958.44
2025-10-29T04:19:00,3958.45,3959.17,3957.06,3958.89
2025-10-29T04:20:00,3958.92,3959.12,3957.75,3959.09
2025-10-29T04:21:00,3958.95,3959.84,3958.73,3959.28
2025-10-29T04:22:00,3959.29,3959.29,3957.72,3959.15
2025-10-29T04:23:00,3959.13,3959.13,3957.27,3957.91
2025-10-29T04:24:00,3957.92,3958.2,3957.08,3957.11
2025-10-29T04:25:00,3957.12,3957.38,3954.19,3955.58
2025-10-29T04:26:00,3955.61,3956.41,3951.91,3952.75
2025-10-29T04:27:00,3952.7,3953.76,3951.09,3953.14
2025-10-29T04:28:00,3953.19,3953.74,3951.67,3952.78
2025-10-29T04:29:00,3952.75,3953.62,3952.05,3953.43
2025-10-29T04:30:00,3953.42,3953.87,3952.39,3952.94
2025-10-29T04:31:00,3952.97,3955.44,3952.84,3955.42
2025-10-29T04:32:00,3955.32,3955.61,3954.36,3954.55
2025-10-29T04:33:00,3954.5,3956.79,3954.23,3956.56
2025-10-29T04:34:00,3956.54,3956.79,3955.12,3956.79
2025-10-29T04:35:00,3956.81,3957.18,3955.56,3956.78
2025-10-29T04:36:00,3956.74,3958.78,3956.16,3958.46
2025-10-29T04:37:00,3958.55,3959.25,3957.79,3958.67
2025-10-29T04:38:00,3958.49,3958.65,3957.23,3957.81
2025-10-29T04:39:00,3957.8,3957.88,3956.39,3956.46
2025-10-29T04:40:00,3956.56,3957.4,3956.34,3957.4
2025-10-29T04:41:00,3957.45,3959.59,3957.45,3959.51
2025-10-29T04:42:00,3959.49,3959.74,3958.26,3958.47
2025-10-29T04:43:00,3958.43,3959.94,3957.96,3959.77
2025-10-29T04:44:00,3959.74,3959.88,3958.9,3958.9
2025-10-29T04:45:00,3958.93,3959.3,3956.57,3956.57
2025-10-29T04:46:00,3956.59,3957.85,3956.31,3956.67
2025-10-29T04:47:00,3956.7,3957.49,3954.58,3954.9
2025-10-29T04:48:00,3954.84,3955.45,3953.83,3953.98
2025-10-29T04:49:00,3953.85,3956.01,3953.3,3955.44
2025-10-29T04:50:00,3955.42,3956.32,3955.21,3955.29
2025-10-29T04:51:00,3955.25,3957.69,3954.81,3957.33
2025-10-29T04:52:00,3957.29,3957.37,3956.63,3956.95
2025-10-29T04:53:00,3956.92,3956.92,3955.93,3955.93
2025-10-29T04:54:00,3955.94,3955.98,3954.66,3954.74
2025-10-29T04:55:00,3954.73,3954.73,3951.55,3952.56
2025-10-29T04:56:00,3952.59,3954.34,3952.41,3954.05
2025-10-29T04:57:00,3954.03,3954.03,3952.46,3953.56
2025-10-29T04:58:00,3953.58,3954.31,3952.45,3952.84
2025-10-29T04:59:00,3952.94,3952.94,3951.76,3951.94
2025-10-29T05:00:00,3951.93,3953.87,3950.9,3952.48
2025-10-29T05:01:00,3952.49,3952.92,3951.18,3951.61
2025-10-29T05:02:00,3951.68,3955.57,3951.68,3955.48
2025-10-29T05:03:00,3955.58,3959.19,3955.58,3958.4
2025-10-29T05:04:00,3958.43,3962.69,3957.8,3962.65
2025-10-29T05:05:00,3962.61,3963.14,3960.76,3960.8
2025-10-29T05:06:00,3960.81,3963.27,3959.85,3960.8
2025-10-29T05:07:00,3960.79,3960.79,3959.48,3959.77
2025-10-29T05:08:00,3959.79,3960.04,3958.36,3959.17
2025-10-29T05:09:00,3959.12,3959.13,3955.99,3956.0
2025-10-29T05:10:00,3956.07,3956.76,3954.37,3955.08
2025-10-29T05:11:00,3955.04,3955.09,3951.91,3952.57
2025-10-29T05:12:00,3952.59,3953.79,3951.24,3951.24
2025-10-29T05:13:00,3951.23,3952.2,3951.09,3951.78
2025-10-29T05:14:00,3951.79,3955.39,3951.39,3955.31
2025-10-29T05:15:00,3955.34,3956.83,3953.34,3954.33
2025-10-29T05:16:00,3954.34,3958.12,3954.34,3958.01
2025-10-29T05:17:00,3958.06,3959.43,3957.11,3958.43
2025-10-29T05:18:00,3958.45,3960.5,3958.41,3960.3
2025-10-29T05:19:00,3960.25,3960.41,3959.48,3959.97
2025-10-29T05:20:00,3960.0,3960.47,3958.66,3958.81
2025-10-29T05:21:00,3958.8,3959.85,3958.16,3959.21
2025-10-29T05:22:00,3959.2,3959.54,3958.46,3958.46
2025-10-29T05:23:00,3958.5,3960.11,3957.89,3958.16
2025-10-29T05:24:00,3958.17,3959.9,3958.05,3959.75
2025-10-29T05:25:00,3959.81,3960.02,3958.11,3958.4
2025-10-29T05:26:00,3958.43,3958.76,3957.61,3958.06
2025-10-29T05:27:00,3958.05,3958.7,3957.37,3957.86
2025-10-29T05:28:00,3957.83,3958.3,3957.12,3957.53
2025-10-29T05:29:00,3957.56,3958.59,3957.25,3957.63
2025-10-29T05:30:00,3957.69,3957.91,3954.07,3955.63
2025-10-29T05:31:00,3955.58,3960.68,3955.15,3960.41
2025-10-29T05:32:00,3960.46,3961.1,3959.73,3960.86
2025-10-29T05:33:00,3960.89,3961.7,3958.9,3960.78
2025-10-29T05:34:00,3960.76,3965.79,3960.71,3965.7
2025-10-29T05:35:00,3965.68,3966.18,3963.34,3965.05
2025-10-29T05:36:00,3965.03,3965.5,3963.61,3964.68
2025-10-29T05:37:00,3964.7,3964.7,3963.65,3963.86
2025-10-29T05:38:00,3963.83,3964.7,3962.68,3964.45
2025-10-29T05:39:00,3964.42,3964.88,3963.11,3963.86
2025-10-29T05:40:00,3963.82,3964.46,3962.95,3963.88
2025-10-29T05:41:00,3963.9,3965.06,3963.67,3964.25
2025-10-29T05:42:00,3964.19,3964.49,3962.72,3963.66
2025-10-29T05:43:00,3963.65,3963.71,3962.32,3962.56
2025-10-29T05:44:00,3962.55,3964.84,3962.46,3964.8
2025-10-29T05:45:00,3964.81,3965.54,3962.32,3962.75
2025-10-29T05:46:00,3962.72,3963.57,3962.41,3963.57
2025-10-29T05:47:00,3963.58,3963.58,3962.92,3963.31
2025-10-29T05:48:00,3963.32,3963.32,3960.78,3961.81
2025-10-29T05:49:00,3961.82,3962.14,3960.76,3961.12
2025-10-29T05:50:00,3961.02,3964.6,3959.83,3964.18
2025-10-29T05:51:00,3964.17,3964.49,3962.58,3962.68
2025-10-29T05:52:00,3962.66,3963.65,3961.74,3963.55
2025-10-29T05:53:00,3963.51,3964.19,3960.04,3960.65
2025-10-29T05:54:00,3960.58,3961.1,3960.05,3960.81
2025-10-29T05:55:00,3960.82,3961.19,3959.62,3959.97
2025-10-29T05:56:00,3959.92,3961.05,3957.88,3958.87
2025-10-29T05:57:00,3958.84,3963.2,3958.84,3962.76
2025-10-29T05:58:00,3962.77,3963.9,3961.4,3961.83
2025-10-29T05:59:00,3961.82,3962.88,3961.02,3962.49
2025-10-29T06:00:00,3962.42,3963.23,3961.67,3962.96
2025-10-29T06:01:00,3962.95,3963.13,3960.97,3961.04
2025-10-29T06:02:00,3961.05,3962.21,3959.74,3961.42
2025-10-29T06:03:00,3961.4,3964.08,3960.64,3964.08
2025-10-29T06:04:00,3964.1,3965.73,3964.07,3965.36
2025-10-29T06:05:00,3965.43,3967.05,3965.43,3966.87
2025-10-29T06:06:00,3966.89,3966.98,3965.4,3966.55
2025-10-29T06:07:00,3966.54,3968.55,3966.2,3968.18
2025-10-29T06:08:00,3968.09,3970.61,3967.75,3969.9
2025-10-29T06:09:00,3969.89,3969.89,3967.87,3968.54
2025-10-29T06:10:00,3968.55,3969.9,3968.55,3968.84
2025-10-29T06:11:00,3968.87,3969.55,3967.15,3967.7
2025-10-29T06:12:00,3967.71,3968.09,3966.53,3967.92
2025-10-29T06:13:00,3967.9,3969.23,3967.65,3968.44
2025-10-29T06:14:00,3968.4,3968.87,3967.77,3968.6
2025-10-29T06:15:00,3968.56,3968.75,3968.1,3968.58
2025-10-29T06:16:00,3968.56,3969.51,3966.96,3967.68
2025-10-29T06:17:00,3967.7,3968.59,3966.99,3968.08
2025-10-29T06:18:00,3968.1,3968.58,3967.81,3967.95
2025-10-29T06:19:00,3967.98,3967.98,3966.2,3966.26
2025-10-29T06:20:00,3966.22,3967.9,3966.19,3967.65
2025-10-29T06:21:00,3967.66,3968.83,3966.12,3968.39
2025-10-29T06:22:00,3968.34,3970.23,3968.01,3970.04
2025-10-29T06:23:00,3970.05,3971.24,3968.98,3969.18
2025-10-29T06:24:00,3969.17,3971.25,3968.66,3971.06
2025-10-29T06:25:00,3971.05,3973.88,3971.05,3972.36
2025-10-29T06:26:00,3972.32,3972.39,3970.51,3970.61
2025-10-29T06:27:00,3970.56,3970.79,3969.75,3970.12
2025-10-29T06:28:00,3970.11,3971.08,3969.74,3969.95
2025-10-29T06:29:00,3969.94,3970.59,3969.47,3970.56
2025-10-29T06:30:00,3970.6,3972.55,3970.26,3972.54
2025-10-29T06:31:00,3972.51,3972.99,3971.58,3972.66
2025-10-29T06:32:00,3972.61,3974.32,3972.25,3974.3
2025-10-29T06:33:00,3974.27,3975.92,3974.13,3975.92
2025-10-29T06:34:00,3975.91,3977.72,3975.55,3976.54
2025-10-29T06:35:00,3976.71,3978.19,3976.33,3977.15
2025-10-29T06:36:00,3977.04,3978.39,3976.5,3977.49
2025-10-29T06:37:00,3977.55,3978.42,3977.18,3977.93
2025-10-29T06:38:00,3977.94,3978.26,3976.33,3976.33
2025-10-29T06:39:00,3976.39,3977.32,3976.39,3977.16
2025-10-29T06:40:00,3977.32,3977.75,3975.38,3976.16
2025-10-29T06:41:00,3976.11,3976.6,3975.59,3976.32
2025-10-29T06:42:00,3976.4,3978.54,3975.8,3978.3
2025-10-29T06:43:00,3978.28,3980.07,3977.99,3979.81
2025-10-29T06:44:00,3979.89,3981.54,3978.83,3980.75
2025-10-29T06:45:00,3980.63,3981.4,3980.11,3980.37
2025-10-29T06:46:00,3980.39,3983.33,3980.3,3981.82
2025-10-29T06:47:00,3981.79,3984.63,3981.79,3982.81
2025-10-29T06:48:00,3982.82,3984.17,3981.49,3982.25
2025-10-29T06:49:00,3982.24,3982.5,3981.19,3981.9
2025-10-29T06:50:00,3981.97,3982.76,3979.23,3979.4
2025-10-29T06:51:00,3979.39,3980.12,3978.44,3978.58
2025-10-29T06:52:00,3978.57,3978.62,3976.86,3977.35
2025-10-29T06:53:00,3977.34,3978.77,3977.25,3977.64
2025-10-29T06:54:00,3977.66,3979.99,3977.61,3979.8
2025-10-29T06:55:00,3979.78,3979.78,3978.01,3978.5
2025-10-29T06:56:00,3978.43,3978.55,3977.26,3977.29
2025-10-29T06:57:00,3977.26,3977.37,3974.74,3976.29
2025-10-29T06:58:00,3976.3,3978.09,3976.03,3978.09
2025-10-29T06:59:00,3978.01,3978.26,3977.4,3978.18
2025-10-29T07:00:00,3978.17,3978.21,3975.02,3978.11
2025-10-29T07:01:00,3978.09,3978.99,3976.84,3978.62
2025-10-29T07:02:00,3978.64,3982.28,3978.64,3981.63
2025-10-29T07:03:00,3981.67,3982.96,3981.23,3981.99
2025-10-29T07:04:00,3982.12,3984.08,3982.12,3983.85
2025-10-29T07:05:00,3983.84,3983.94,3981.1,3983.65
2025-10-29T07:06:00,3983.66,3984.27,3982.69,3983.26
2025-10-29T07:07:00,3983.23,3984.12,3982.78,3983.51
2025-10-29T07:08:00,3983.54,3984.26,3983.07,3983.52
2025-10-29T07:09:00,3983.49,3985.13,3983.22,3985.13
2025-10-29T07:10:00,3985.15,3989.82,3985.15,3989.12
2025-10-29T07:11:00,3988.88,3991.03,3988.27,3990.87
2025-10-29T07:12:00,3990.89,3995.67,3990.63,3992.95
2025-10-29T07:13:00,3992.93,3996.78,3992.52,3995.51
2025-10-29T07:14:00,3995.5,3996.23,3993.63,3994.88
2025-10-29T07:15:00,3994.82,3997.31,3993.7,3996.69
2025-10-29T07:16:00,3996.68,3997.8,3996.26,3997.7
2025-10-29T07:17:00,3997.79,3997.9,3993.71,3993.71
2025-10-29T07:18:00,3993.74,3996.4,3993.74,3994.98
2025-10-29T07:19:00,3994.96,3997.1,3994.96,3996.75
2025-10-29T07:20:00,3996.73,3997.79,3995.08,3996.89
2025-10-29T07:21:00,3996.93,3997.54,3995.03,3996.04
2025-10-29T07:22:00,3996.05,3996.86,3995.63,3995.79
2025-10-29T07:23:00,3995.74,3996.02,3993.34,3993.55
2025-10-29T07:24:00,3993.52,3996.71,3993.52,3996.1
2025-10-29T07:25:00,3996.16,3997.21,3995.3,3996.95
2025-10-29T07:26:00,3996.96,3997.29,3995.07,3995.88
2025-10-29T07:27:00,3995.96,3997.93,3995.83,3997.75
2025-10-29T07:28:00,3997.77,3998.45,3997.5,3998.4
2025-10-29T07:29:00,3998.45,3998.5,3995.9,3996.5
2025-10-29T07:30:00,3996.55,3997.26,3994.23,3995.77
2025-10-29T07:31:00,3995.68,3995.68,3992.57,3993.9
2025-10-29T07:32:00,3993.96,3994.04,3991.83,3992.59
2025-10-29T07:33:00,3992.58,3995.12,3992.54,3994.18
2025-10-29T07:34:00,3994.2,3995.12,3993.2,3993.27
2025-10-29T07:35:00,3993.25,3994.59,3992.05,3992.11
2025-10-29T07:36:00,3992.08,3992.32,3991.61,3992.23
2025-10-29T07:37:00,3992.22,3992.46,3990.13,3990.56
2025-10-29T07:38:00,3990.62,3992.11,3989.79,3991.39
2025-10-29T07:39:00,3991.25,3991.73,3990.3,3991.24
2025-10-29T07:40:00,3991.13,3993.96,3990.19,3993.79
2025-10-29T07:41:00,3993.81,3994.67,3993.7,3994.56
2025-10-29T07:42:00,3994.58,3994.75,3994.13,3994.56
2025-10-29T07:43:00,3994.57,3996.98,3993.93,3996.55
2025-10-29T07:44:00,3996.49,3996.51,3994.5,3994.98
2025-10-29T07:45:00,3994.9,3995.38,3993.64,3993.93
2025-10-29T07:46:00,3994.04,3994.37,3991.35,3991.99
2025-10-29T07:47:00,3991.93,3993.27,3991.36,3992.72
2025-10-29T07:48:00,3992.74,3994.14,3991.95,3993.52
2025-10-29T07:49:00,3993.55,3996.07,3993.36,3996.07
2025-10-29T07:50:00,3996.08,3996.19,3994.5,3995.27
2025-10-29T07:51:00,3995.24,3996.48,3994.82,3996.46
2025-10-29T07:52:00,3996.49,3996.49,3995.07,3995.42
2025-10-29T07:53:00,3995.36,3996.59,3994.91,3996.27
2025-10-29T07:54:00,3996.24,3998.19,3995.48,3998.19
2025-10-29T07:55:00,3998.21,3998.58,3996.9,3998.51
2025-10-29T07:56:00,3998.44,3999.32,3997.86,3999.08
2025-10-29T07:57:00,3999.09,3999.44,3997.92,3998.8
2025-10-29T07:58:00,3998.86,3999.71,3998.64,3999.65
2025-10-29T07:59:00,3999.61,4001.51,3999.06,4001.51
2025-10-29T08:00:00,4001.55,4003.2,4000.46,4001.77
2025-10-29T08:01:00,4001.78,4004.81,4001.66,4003.41
2025-10-29T08:02:00,4003.39,4004.71,4003.01,4004.46
2025-10-29T08:03:00,4004.5,4007.15,4003.96,4005.31
2025-10-29T08:04:00,4005.27,4007.68,4004.56,4006.23
2025-10-29T08:05:00,4006.24,4009.14,4005.29,4008.84
2025-10-29T08:06:00,4008.86,4008.99,4007.64,4008.27
2025-10-29T08:07:00,4008.15,4008.9,4005.88,4006.48
2025-10-29T08:08:00,4006.47,4007.5,4005.86,4007.21
2025-10-29T08:09:00,4007.2,4009.78,4007.05,4009.72
2025-10-29T08:10:00,4009.69,4009.8,4008.35,4008.8
2025-10-29T08:11:00,4008.79,4009.6,4007.2,4007.58
2025-10-29T08:12:00,4007.47,4007.98,4006.54,4006.96
2025-10-29T08:13:00,4006.95,4008.56,4005.56,4007.84
2025-10-29T08:14:00,4007.97,4008.26,4005.59,4007.09
2025-10-29T08:15:00,4007.03,4007.16,4005.74,4005.82
2025-10-29T08:16:00,4005.83,4006.68,4004.81,4006.51
2025-10-29T08:17:00,4006.47,4006.91,4006.18,4006.51
2025-10-29T08:18:00,4006.6,4006.65,4003.45,4006.08
2025-10-29T08:19:00,4006.04,4008.57,4005.91,4008.57
2025-10-29T08:20:00,4008.63,4010.45,4007.35,4007.69
2025-10-29T08:21:00,4007.71,4008.93,4006.84,4008.21
2025-10-29T08:22:00,4008.18,4008.76,4007.27,4007.33
2025-10-29T08:23:00,4007.3,4008.97,4005.6,4006.89
2025-10-29T08:24:00,4006.86,4010.28,4006.36,4009.72
2025-10-29T08:25:00,4009.74,4010.38,4008.61,4010.1
2025-10-29T08:26:00,4010.17,4011.3,4009.61,4010.75
2025-10-29T08:27:00,4010.68,4010.86,4009.79,4010.33
2025-10-29T08:28:00,4010.3,4010.55,4009.69,4010.06
2025-10-29T08:29:00,4010.03,4011.02,4009.49,4010.26
2025-10-29T08:30:00,4010.29,4013.9,4010.08,4013.8
2025-10-29T08:31:00,4013.82,4013.82,4011.4,4011.63
2025-10-29T08:32:00,4011.61,4012.25,4010.89,4012.2
2025-10-29T08:33:00,4012.14,4012.15,4009.41,4011.69
2025-10-29T08:34:00,4011.72,4012.22,4010.65,4010.99
2025-10-29T08:35:00,4011.01,4012.1,4009.67,4011.35
2025-10-29T08:36:00,4011.33,4011.39,4010.0,4010.08
2025-10-29T08:37:00,4010.01,4010.54,4008.23,4008.3
2025-10-29T08:38:00,4008.26,4009.76,4007.43,4008.13
2025-10-29T08:39:00,4008.15,4008.55,4007.08,4007.5
2025-10-29T08:40:00,4007.49,4009.92,4007.49,4009.28
2025-10-29T08:41:00,4009.27,4009.92,4007.77,4008.98
2025-10-29T08:42:00,4009.0,4010.62,4009.0,4009.74
2025-10-29T08:43:00,4009.71,4011.2,4009.71,4011.17
2025-10-29T08:44:00,4011.16,4012.45,4010.84,4010.89
2025-10-29T08:45:00,4010.88,4013.93,4010.4,4013.91
2025-10-29T08:46:00,4013.9,4014.89,4013.53,4014.81
2025-10-29T08:47:00,4014.83,4015.41,4013.24,4013.64
2025-10-29T08:48:00,4013.63,4013.69,4011.19,4011.33
2025-10-29T08:49:00,4011.31,4011.9,4010.37,4010.73
2025-10-29T08:50:00,4010.71,4011.23,4009.99,4011.02
2025-10-29T08:51:00,4011.03,4013.11,4010.83,4012.43
2025-10-29T08:52:00,4012.33,4013.24,4011.69,4013.21
2025-10-29T08:53:00,4013.19,4014.91,4013.11,4014.08
2025-10-29T08:54:00,4014.09,4015.44,4013.9,4015.3
2025-10-29T08:55:00,4015.33,4016.4,4015.01,4015.79
2025-10-29T08:56:00,4015.64,4016.82,4015.26,4016.82
2025-10-29T08:57:00,4016.81,4018.21,4016.73,4018.2
2025-10-29T08:58:00,4018.19,4018.27,4015.85,4015.92
2025-10-29T08:59:00,4015.93,4016.85,4015.68,4016.64
2025-10-29T09:00:00,4016.61,4017.13,4015.82,4016.69
2025-10-29T09:01:00,4016.68,4017.9,4016.46,4017.49
2025-10-29T09:02:00,4017.44,4019.39,4016.94,4019.28
2025-10-29T09:03:00,4019.3,4019.63,4017.18,4017.18
2025-10-29T09:04:00,4017.13,4018.3,4016.65,4017.65
2025-10-29T09:05:00,4017.68,4019.32,4016.94,4018.05
2025-10-29T09:06:00,4018.14,4018.43,4017.17,4017.87
2025-10-29T09:07:00,4017.86,4017.86,4015.8,4016.95
2025-10-29T09:08:00,4016.99,4018.4,4016.99,4018.4
2025-10-29T09:09:00,4018.39,4021.51,4018.31,4019.93
2025-10-29T09:10:00,4019.94,4020.25,4018.54,4018.76
2025-10-29T09:11:00,4018.79,4019.09,4016.58,4016.58
2025-10-29T09:12:00,4016.57,4017.46,4015.02,4017.39
2025-10-29T09:13:00,4017.41,4018.07,4016.76,4016.76
2025-10-29T09:14:00,4016.66,4017.64,4015.77,4016.39
2025-10-29T09:15:00,4016.4,4016.68,4013.92,4013.92
2025-10-29T09:16:00,4013.91,4015.03,4013.53,4014.9
2025-10-29T09:17:00,4014.8,4017.77,4014.3,4017.5
2025-10-29T09:18:00,4017.52,4019.88,4017.46,4018.83
2025-10-29T09:19:00,4018.84,4018.89,4017.5,4017.94
2025-10-29T09:20:00,4017.95,4019.87,4017.42,4018.31
2025-10-29T09:21:00,4018.3,4019.79,4018.23,4018.71
2025-10-29T09:22:00,4018.67,4019.45,4017.43,4019.29
2025-10-29T09:23:00,4019.28,4019.55,4018.04,4018.75
2025-10-29T09:24:00,4018.7,4019.28,4017.83,4018.34
2025-10-29T09:25:00,4018.3,4018.3,4017.45,4017.84
2025-10-29T09:26:00,4017.83,4017.9,4015.77,4017.04
2025-10-29T09:27:00,4017.0,4018.79,4016.63,4018.61
2025-10-29T09:28:00,4018.58,4018.64,4017.28,4017.97
2025-10-29T09:29:00,4017.96,4017.99,4016.67,4017.11
2025-10-29T09:30:00,4017.08,4017.76,4015.54,4015.92
2025-10-29T09:31:00,4015.9,4018.13,4015.82,4016.74
2025-10-29T09:32:00,4016.75,4018.92,4016.71,4017.88
2025-10-29T09:33:00,4017.87,4019.36,4017.37,4018.38
2025-10-29T09:34:00,4018.4,4020.61,4018.4,4019.92
2025-10-29T09:35:00,4019.88,4020.4,4017.03,4017.58
2025-10-29T09:36:00,4017.68,4018.15,4017.08,4018.15
2025-10-29T09:37:00,4018.17,4018.26,4016.37,4017.2
2025-10-29T09:38:00,4017.21,4017.89,4016.78,4017.44
2025-10-29T09:39:00,4017.37,4017.76,4016.37,4017.26
2025-10-29T09:40:00,4017.27,4017.69,4016.55,4016.58
2025-10-29T09:41:00,4016.56,4018.55,4016.46,4016.5
2025-10-29T09:42:00,4016.49,4017.98,4016.25,4017.61
2025-10-29T09:43:00,4017.62,4019.36,4017.55,4018.91
2025-10-29T09:44:00,4018.93,4019.42,4018.15,4019.31
2025-10-29T09:45:00,4019.36,4023.84,4019.17,4022.61
2025-10-29T09:46:00,4022.62,4023.16,4021.63,4022.87
2025-10-29T09:47:00,4022.82,4025.17,4022.82,4025.08
2025-10-29T09:48:00,4025.11,4026.15,4024.25,4025.49
2025-10-29T09:49:00,4025.46,4028.15,4025.46,4027.74
2025-10-29T09:50:00,4027.73,4028.78,4026.79,4028.65
2025-10-29T09:51:00,4028.67,4029.3,4028.22,4029.08
2025-10-29T09:52:00,4029.12,4029.23,4027.8,4028.27
2025-10-29T09:53:00,4028.3,4029.14,4027.99,4028.89
2025-10-29T09:54:00,4028.88,4028.98,4027.23,4027.66
2025-10-29T09:55:00,4027.64,4029.56,4025.79,4029.56
2025-10-29T09:56:00,4029.6,4029.63,4024.64,4026.87
2025-10-29T09:57:00,4026.86,4028.05,4024.64,4024.82
2025-10-29T09:58:00,4024.84,4025.58,4023.28,4024.27
2025-10-29T09:59:00,4024.22,4024.24,4022.39,4023.99
2025-10-29T10:00:00,4024.11,4025.45,4023.67,4025.45
2025-10-29T10:01:00,4025.51,4025.97,4023.61,4023.61
2025-10-29T10:02:00,4023.56,4023.59,4021.96,4022.75
2025-10-29T10:03:00,4022.74,4023.27,4021.21,4022.07
2025-10-29T10:04:00,4022.08,4022.93,4020.62,4022.14
2025-10-29T10:05:00,4022.15,4022.37,4019.81,4020.3
2025-10-29T10:06:00,4020.32,4020.77,4017.3,4018.73
2025-10-29T10:07:00,4018.76,4024.3,4018.74,4024.27
2025-10-29T10:08:00,4024.21,4024.3,4021.23,4022.09
2025-10-29T10:09:00,4022.1,4022.78,4020.56,4022.66
2025-10-29T10:10:00,4022.67,4023.09,4020.78,4021.05
2025-10-29T10:11:00,4021.03,4021.77,4020.21,4021.29
2025-10-29T10:12:00,4021.33,4021.98,4020.82,4021.48
2025-10-29T10:13:00,4021.46,4024.07,4021.46,4023.93
2025-10-29T10:14:00,4023.98,4024.65,4022.04,4022.32
2025-10-29T10:15:00,4022.43,4024.18,4021.38,4022.99
2025-10-29T10:16:00,4022.97,4023.17,4022.24,4022.73
2025-10-29T10:17:00,4022.9,4026.1,4022.62,4025.74
2025-10-29T10:18:00,4025.65,4027.47,4025.05,4026.57
2025-10-29T10:19:00,4026.52,4028.56,4024.81,4027.45
2025-10-29T10:20:00,4027.44,4028.19,4026.98,4027.59
2025-10-29T10:21:00,4027.57,4028.73,4027.17,4027.63
2025-10-29T10:22:00,4027.61,4028.22,4026.78,4027.86
2025-10-29T10:23:00,4027.74,4029.26,4027.23,4029.26
2025-10-29T10:24:00,4029.25,4029.43,4027.36,4027.87
2025-10-29T10:25:00,4027.9,4027.92,4026.41,4026.87
2025-10-29T10:26:00,4026.86,4027.32,4026.23,4027.03
2025-10-29T10:27:00,4026.98,4027.42,4025.9,4026.01
2025-10-29T10:28:00,4025.94,4026.37,4025.3,4025.82
2025-10-29T10:29:00,4025.9,4027.19,4024.46,4024.65
2025-10-29T10:30:00,4024.56,4026.1,4023.78,4024.07
2025-10-29T10:31:00,4024.01,4024.25,4023.77,4024.16
2025-10-29T10:32:00,4024.18,4025.91,4023.25,4023.93
2025-10-29T10:33:00,4023.92,4024.01,4022.58,4023.2
2025-10-29T10:34:00,4023.15,4025.28,4022.84,4025.14
2025-10-29T10:35:00,4025.12,4025.36,4023.55,4023.86
2025-10-29T10:36:00,4023.9,4024.34,4022.19,4022.35
2025-10-29T10:37:00,4022.29,4024.09,4020.9,4024.05
2025-10-29T10:38:00,4024.02,4027.29,4023.9,4026.92
2025-10-29T10:39:00,4026.89,4027.94,4026.59,4027.92
2025-10-29T10:40:00,4027.91,4029.1,4026.75,4027.09
2025-10-29T10:41:00,4027.05,4027.15,4024.54,4024.64
2025-10-29T10:42:00,4024.63,4024.95,4023.81,4024.4
2025-10-29T10:43:00,4024.41,4025.11,4023.91,4024.9
2025-10-29T10:44:00,4024.91,4025.95,4024.57,4025.9
2025-10-29T10:45:00,4025.92,4027.41,4025.69,4027.33
2025-10-29T10:46:00,4027.35,4029.48,4027.15,4029.29
2025-10-29T10:47:00,4029.3,4029.54,4027.01,4027.2
2025-10-29T10:48:00,4027.16,4027.98,4026.97,4027.18
2025-10-29T10:49:00,4027.07,4027.1,4026.21,4026.52
2025-10-29T10:50:00,4026.51,4026.52,4024.82,4025.43
2025-10-29T10:51:00,4025.5,4025.5,4024.09,4024.21
2025-10-29T10:52:00,4024.24,4025.32,4023.64,4024.5
2025-10-29T10:53:00,4024.52,4025.51,4024.39,4024.63
2025-10-29T10:54:00,4024.59,4025.34,4024.38,4025.33
2025-10-29T10:55:00,4025.32,4025.95,4024.81,4025.14
2025-10-29T10:56:00,4025.06,4025.36,4024.7,4024.76
2025-10-29T10:57:00,4024.78,4025.05,4023.45,4023.76
2025-10-29T10:58:00,4023.79,4024.29,4022.68,4022.9
2025-10-29T10:59:00,4022.91,4023.85,4022.91,4023.38
2025-10-29T11:00:00,4023.37,4026.31,4022.9,4026.14
2025-10-29T11:01:00,4026.17,4027.41,4025.02,4025.75
2025-10-29T11:02:00,4025.77,4026.3,4024.83,4025.45
2025-10-29T11:03:00,4025.35,4026.4,4025.3,4026.22
2025-10-29T11:04:00,4026.13,4026.48,4025.58,4026.47
2025-10-29T11:05:00,4026.48,4026.82,4025.58,4026.05
2025-10-29T11:06:00,4026.0,4026.34,4025.37,4026.12
2025-10-29T11:07:00,4026.11,4026.7,4025.33,4026.67
2025-10-29T11:08:00,4026.7,4027.19,4025.91,4025.99
2025-10-29T11:09:00,4026.0,4026.67,4025.92,4026.37
2025-10-29T11:10:00,4026.38,4027.45,4026.13,4027.45
2025-10-29T11:11:00,4027.46,4028.2,4025.96,4026.01
2025-10-29T11:12:00,4026.06,4027.02,4025.75,4026.3
2025-10-29T11:13:00,4026.28,4026.72,4024.92,4025.16
2025-10-29T11:14:00,4025.21,4025.4,4021.96,4022.07
2025-10-29T11:15:00,4021.99,4023.19,4018.77,4022.72
2025-10-29T11:16:00,4022.77,4022.88,4020.23,4021.43
2025-10-29T11:17:00,4021.48,4022.53,4020.37,4021.17
2025-10-29T11:18:00,4021.2,4022.04,4019.69,4020.23
2025-10-29T11:19:00,4020.31,4021.15,4019.07,4019.44
2025-10-29T11:20:00,4019.48,4020.98,4019.3,4020.76
2025-10-29T11:21:00,4020.8,4023.19,4020.8,4023.19
2025-10-29T11:22:00,4023.21,4025.02,4022.89,4024.93
2025-10-29T11:23:00,4024.92,4025.45,4024.55,4024.59
2025-10-29T11:24:00,4024.67,4024.7,4021.75,4022.53
2025-10-29T11:25:00,4022.57,4022.7,4020.64,4020.86
2025-10-29T11:26:00,4020.88,4021.12,4019.06,4019.45
2025-10-29T11:27:00,4019.49,4022.7,4019.49,4021.0
2025-10-29T11:28:00,4021.05,4021.12,4019.12,4019.91
2025-10-29T11:29:00,4019.98,4019.98,4018.05,4018.45
2025-10-29T11:30:00,4018.44,4019.73,4018.18,4018.63
2025-10-29T11:31:00,4018.65,4020.71,4018.4,4018.4
2025-10-29T11:32:00,4018.39,4019.04,4017.44,4018.77
2025-10-29T11:33:00,4018.78,4018.95,4017.24,4017.54
2025-10-29T11:34:00,4017.55,4017.58,4014.76,4017.02
2025-10-29T11:35:00,4017.08,4020.07,4016.26,4019.14
2025-10-29T11:36:00,4019.15,4019.2,4015.3,4015.51
2025-10-29T11:37:00,4015.42,4017.37,4014.54,4016.83
2025-10-29T11:38:00,4016.86,4018.49,4016.86,4017.43
2025-10-29T11:39:00,4017.44,4017.92,4017.12,4017.74
2025-10-29T11:40:00,4017.77,4018.37,4016.37,4017.27
2025-10-29T11:41:00,4017.25,4019.25,4016.9,4019.25
2025-10-29T11:42:00,4019.3,4020.02,4018.89,4019.55
2025-10-29T11:43:00,4019.57,4019.57,4018.21,4019.22
2025-10-29T11:44:00,4019.24,4019.33,4017.57,4018.05
2025-10-29T11:45:00,4018.06,4018.11,4016.64,4016.78
2025-10-29T11:46:00,4016.77,4016.8,4015.54,4015.75
2025-10-29T11:47:00,4015.76,4017.41,4013.45,4017.41
2025-10-29T11:48:00,4017.43,4018.37,4015.95,4015.98
2025-10-29T11:49:00,4016.01,4016.77,4014.56,4014.8
2025-10-29T11:50:00,4014.97,4016.53,4014.17,4016.34
2025-10-29T11:51:00,4016.37,4017.05,4015.54,4016.95
2025-10-29T11:52:00,4016.92,4016.92,4015.52,4016.07
2025-10-29T11:53:00,4016.05,4017.4,4015.61,4016.89
2025-10-29T11:54:00,4016.85,4016.85,4015.48,4015.74
2025-10-29T11:55:00,4015.73,4017.18,4014.19,4016.88
2025-10-29T11:56:00,4016.87,4018.62,4016.51,4018.48
2025-10-29T11:57:00,4018.57,4019.42,4016.61,4019.23
2025-10-29T11:58:00,4019.16,4019.28,4016.16,4016.16
2025-10-29T11:59:00,4016.06,4017.86,4015.7,4016.46
2025-10-29T12:00:00,4016.51,4017.52,4016.09,4017.5
2025-10-29T12:01:00,4017.48,4019.03,4017.33,4018.25
2025-10-29T12:02:00,4018.21,4018.56,4017.29,4017.99
2025-10-29T12:03:00,4017.88,4018.18,4017.37,4017.79
2025-10-29T12:04:00,4017.68,4017.68,4013.67,4017.21
2025-10-29T12:05:00,4017.15,4018.74,4016.75,4018.7
2025-10-29T12:06:00,4018.71,4018.78,4016.33,4016.81
2025-10-29T12:07:00,4016.85,4018.1,4016.81,4017.78
2025-10-29T12:08:00,4017.76,4018.19,4015.74,4018.19
2025-10-29T12:09:00,4018.15,4019.28,4017.09,4017.68
2025-10-29T12:10:00,4017.64,4020.21,4017.05,4020.19
2025-10-29T12:11:00,4020.18,4022.21,4018.94,4021.42
2025-10-29T12:12:00,4021.34,4025.55,4021.22,4025.37
2025-10-29T12:13:00,4025.39,4026.87,4024.35,4026.32
2025-10-29T12:14:00,4026.31,4029.02,4026.21,4028.38
2025-10-29T12:15:00,4028.36,4030.16,4027.77,4028.98
2025-10-29T12:16:00,4029.1,4029.1,4024.6,4024.83
2025-10-29T12:17:00,4024.95,4025.06,4022.91,4024.37
2025-10-29T12:18:00,4024.34,4027.17,4023.19,4025.99
2025-10-29T12:19:00,4025.92,4026.0,4023.83,4024.13
2025-10-29T12:20:00,4024.33,4025.03,4023.06,4024.19
2025-10-29T12:21:00,4024.15,4025.38,4023.98,4024.72
2025-10-29T12:22:00,4024.73,4027.05,4024.4,4026.62
2025-10-29T12:23:00,4026.64,4028.18,4026.18,4026.39
2025-10-29T12:24:00,4026.37,4028.08,4026.33,4027.54
2025-10-29T12:25:00,4027.53,4028.97,4027.48,4028.46
2025-10-29T12:26:00,4028.44,4028.62,4027.77,4028.52
2025-10-29T12:27:00,4028.55,4028.74,4026.03,4026.6
2025-10-29T12:28:00,4026.58,4027.38,4025.94,4026.05
2025-10-29T12:29:00,4026.04,4027.05,4024.85,4026.13
2025-10-29T12:30:00,4026.15,4027.47,4025.3,4027.34
2025-10-29T12:31:00,4027.41,4027.85,4027.06,4027.26
2025-10-29T12:32:00,4027.29,4028.47,4026.76,4026.86
2025-10-29T12:33:00,4026.84,4027.63,4026.15,4026.68
2025-10-29T12:34:00,4026.7,4026.7,4024.8,4025.86
2025-10-29T12:35:00,4025.87,4026.13,4023.79,4023.79
2025-10-29T12:36:00,4023.9,4025.61,4023.59,4024.95
2025-10-29T12:37:00,4024.96,4025.48,4023.82,4023.82
2025-10-29T12:38:00,4023.81,4024.99,4023.31,4024.42
2025-10-29T12:39:00,4024.41,4024.42,4021.92,4022.06
2025-10-29T12:40:00,4022.0,4022.9,4021.87,4022.42
2025-10-29T12:41:00,4022.37,4023.81,4022.37,4023.1
2025-10-29T12:42:00,4023.13,4024.71,4022.45,4023.81
2025-10-29T12:43:00,4023.82,4025.73,4023.54,4025.44
2025-10-29T12:44:00,4025.45,4026.03,4025.28,4025.92
2025-10-29T12:45:00,4025.89,4026.27,4025.05,4025.25
2025-10-29T12:46:00,4025.26,4025.45,4023.6,4023.8
2025-10-29T12:47:00,4023.81,4024.47,4023.25,4023.93
2025-10-29T12:48:00,4023.98,4024.33,4023.44,4024.06
2025-10-29T12:49:00,4024.07,4025.21,4024.06,4025.12
2025-10-29T12:50:00,4025.26,4027.92,4025.26,4027.04
2025-10-29T12:51:00,4027.01,4027.01,4025.4,4026.04
2025-10-29T12:52:00,4026.07,4026.8,4025.08,4025.36
2025-10-29T12:53:00,4025.46,4025.73,4022.96,4024.31
2025-10-29T12:54:00,4024.29,4025.09,4023.52,4023.67
2025-10-29T12:55:00,4023.64,4025.39,4023.5,4024.21
2025-10-29T12:56:00,4024.15,4025.34,4023.52,4024.48
2025-10-29T12:57:00,4024.41,4024.84,4023.53,4024.83
2025-10-29T12:58:00,4024.93,4025.57,4023.4,4024.48
2025-10-29T12:59:00,4024.46,4025.51,4023.43,4025.33
2025-10-29T13:00:00,4025.31,4025.44,4019.02,4019.3
