date,epic,direction,pnl,exit,duration
2025-11-10T12:02:27.788917,US100,BUY,-4.851428571430006,SL,56s
2025-11-10T12:06:45.062891,US100,BUY,-5.828571428570285,SL,73s
2025-11-10T12:06:51.850247,US100,SELL,14.237142857142317,TP,260s
2025-11-10T12:07:21.707330,US100,SELL,15.651428571429278,TP,200s
2025-11-10T12:08:01.165130,US100,SELL,17.34857142857072,TP,58s
2025-11-10T12:10:29.736209,US100,SELL,-1.8909999999996217,TrailSL,176s
2025-11-10T12:10:30.138979,US100,SELL,-6.290000000000873,TrailSL,116s
2025-11-10T12:10:30.250027,US100,SELL,-4.699000000004162,TrailSL,146s
2025-11-10T12:15:36.809886,US100,BUY,0.10199999999895226,TrailSL,332s
2025-11-10T12:17:03.421642,US100,SELL,-0.4360000000015134,TrailSL,84s
2025-11-10T12:17:03.422470,US100,SELL,-3.5910000000003492,TrailSL,42s
2025-11-10T12:17:04.021173,US100,SELL,3.173000000002503,TrailSL,205s
2025-11-10T12:20:22.881210,US100,SELL,4.00800000000163,TrailSL,496s
2025-11-10T12:20:24.879924,US100,SELL,-5.1599999999998545,SL,102s
2025-11-10T12:23:16.801423,US100,BUY,-0.02600000000165892,TrailSL,365s
2025-11-10T12:23:16.801423,US100,BUY,-5.059000000001106,TrailSL,152s
2025-11-10T12:23:17.477785,US100,BUY,-2.824000000000524,TrailSL,183s
2025-11-10T12:25:05.628311,US100,SELL,-4.748571428572177,SL,110s
2025-11-10T12:25:20.125961,US100,SELL,-1.022000000000844,TrailSL,155s
2025-11-10T12:27:07.272028,US100,BUY,-4.742857142857247,SL,82s
2025-11-10T12:27:30.616831,US100,BUY,-4.737142857142317,SL,135s
2025-11-10T12:27:30.617828,US100,BUY,0.17700000000331784,TrailSL,195s
2025-11-10T12:35:50.602011,US100,SELL,-4.4457142857136205,SL,55s
2025-11-10T12:35:50.603008,US100,SELL,-2.808000000000902,TrailSL,483s
2025-11-10T12:36:44.720539,US100,BUY,-4.834285714285215,SL,17s
2025-11-10T12:36:45.000395,US100,BUY,2.9569999999985157,TrailSL,47s
2025-11-10T12:36:47.263042,US100,BUY,3.721000000001368,TrailSL,387s
2025-11-10T12:38:21.215925,US100,SELL,-5.091428571427969,SL,54s
2025-11-10T12:39:24.370871,US100,BUY,-4.937142857143044,SL,56s
2025-11-10T12:42:17.721794,US100,SELL,-5.279999999998836,SL,18s
2025-11-10T12:42:23.834548,US100,SELL,-5.245714285712893,SL,84s
2025-11-10T12:42:24.005535,US100,SELL,3.106999999999971,TrailSL,327s
2025-11-10T12:42:24.176966,US100,SELL,-1.2579999999979918,TrailSL,175s
2025-11-10T12:44:05.757026,US100,SELL,-5.365714285715512,SL,35s
2025-11-10T12:48:35.120550,US100,BUY,-5.171428571429715,SL,215s
2025-11-10T12:48:35.207707,US100,BUY,-0.8140000000021246,TrailSL,245s
2025-11-10T12:48:35.706719,US100,BUY,2.385999999998603,TrailSL,365s
2025-11-10T12:50:07.709576,US100,SELL,-5.651428571429278,SL,64s
2025-11-10T12:50:25.665787,US100,SELL,-3.526000000001659,TrailSL,112s
2025-11-10T12:53:54.570860,US100,BUY,14.75571428571493,TP,201s
2025-11-10T12:55:50.494636,US100,BUY,-4.14799999999741,TrailSL,103s
2025-11-10T12:55:50.495633,US100,BUY,-0.014999999999417923,TrailSL,133s
2025-11-10T12:56:18.787723,US100,BUY,2.610000000000582,TrailSL,314s
2025-11-10T12:58:21.181765,US100,SELL,-4.5239999999976135,TrailSL,163s
2025-11-10T13:00:55.925061,US100,SELL,-5.194285714285797,SL,104s
2025-11-10T13:04:46.677591,US100,BUY,-4.772000000000844,TrailSL,395s
2025-11-10T13:04:57.255150,US100,BUY,-4.175999999999476,TrailSL,285s
2025-11-10T13:06:34.962160,US100,SELL,-1.7510000000002037,TrailSL,105s
2025-11-10T13:06:45.120361,US100,SELL,3.17699999999968,TrailSL,303s
2025-11-10T13:06:46.638315,US100,SELL,-4.959999999999127,SL,87s
2025-11-10T13:10:15.871235,US100,BUY,1.8780000000006112,TrailSL,236s
2025-11-10T13:10:17.394610,US100,BUY,-0.33000000000174623,TrailSL,207s
2025-11-10T13:10:17.395615,US100,BUY,-4.908571428572031,SL,177s
2025-11-10T13:12:19.644068,US100,SELL,14.237142857142317,TP,116s
2025-11-10T13:12:38.477289,US100,SELL,15.729999999999563,TP,12s
2025-11-10T13:19:50.764569,US100,BUY,-3.459999999999127,TrailSL,323s
2025-11-10T13:22:09.435219,US100,SELL,-3.5450000000018917,TrailSL,157s
2025-11-10T13:22:12.508104,US100,SELL,-5.365714285715512,SL,281s
2025-11-10T13:23:36.412899,US100,BUY,12.791428571428696,TP,123s
2025-11-10T13:27:22.380870,US100,BUY,13.29428571428798,TP,289s
2025-11-10T13:27:24.080957,US100,SELL,-4.691428571430151,SL,140s
2025-11-10T13:28:08.298229,US100,BUY,13.16857142857043,TP,275s
2025-11-10T13:33:00.819319,US100,BUY,13.357142857141298,TP,322s
2025-11-10T13:33:32.432799,US100,BUY,13.341428571427969,TP,323s
2025-11-10T13:36:36.001452,US100,SELL,-4.680000000000291,SL,113s
2025-11-10T13:39:15.456629,US100,BUY,-4.446000000003551,TrailSL,211s
2025-11-10T13:39:15.972863,US100,BUY,2.580999999998312,TrailSL,606s
2025-11-10T13:39:15.973870,US100,BUY,-0.15200000000186265,TrailSL,363s
2025-11-10T13:41:49.679636,US100,SELL,12.257142857142753,TP,245s
2025-11-10T13:41:51.709551,US100,SELL,12.430000000000291,TP,154s
2025-11-10T13:45:27.600724,US100,BUY,-5.360000000000582,SL,128s
2025-11-10T13:50:44.535539,US100,SELL,-5.085714285713038,SL,112s
2025-11-10T13:51:26.676887,US100,SELL,-5.1599999999998545,SL,185s
2025-11-10T13:51:28.221298,US100,SELL,2.852999999995518,TrailSL,550s
2025-11-10T13:51:53.637364,US100,SELL,0.49399999999877764,TrailSL,393s
2025-11-10T13:52:13.747897,US100,SELL,-2.576999999997497,TrailSL,383s
2025-11-10T13:54:01.153509,US100,BUY,12.147142857142171,TP,127s
2025-11-10T13:54:51.415491,US100,BUY,-4.319999999999709,SL,55s
2025-11-10T13:56:43.022421,US100,SELL,-3.473999999998341,TrailSL,106s
2025-11-10T13:56:46.560217,US100,BUY,12.46142857142695,TP,261s
2025-11-10T13:57:38.023137,US100,BUY,11.785714285713766,TP,283s
2025-11-10T14:00:22.663051,US100,BUY,-5.3028571428585565,SL,143s
2025-11-10T14:00:22.663051,US100,BUY,2.6409999999996217,TrailSL,204s
2025-11-10T14:02:29.007429,US100,SELL,1.287000000000262,TrailSL,118s
2025-11-10T14:03:56.076387,US100,BUY,-5.582857142857392,SL,114s
2025-11-10T14:06:29.108470,US100,SELL,14.630000000001019,TP,328s
2025-11-10T14:06:30.491342,US100,SELL,14.897142857142171,TP,148s
2025-11-10T14:08:23.921011,US100,SELL,-5.685714285715221,SL,80s
2025-11-10T14:09:17.964174,US100,SELL,1.8559999999997672,TrailSL,254s
2025-11-10T14:09:18.961846,US100,SELL,-0.227999999999156,TrailSL,195s
2025-11-10T14:09:19.989726,US100,SELL,-3.470000000001164,TrailSL,166s
2025-11-10T14:11:21.535768,US100,BUY,-4.954285714284197,SL,15s
2025-11-10T14:12:03.026883,US100,BUY,-1.3149999999986903,TrailSL,149s
2025-11-10T14:12:03.027388,US100,BUY,1.8919999999998254,TrailSL,209s
2025-11-10T14:17:27.197543,US100,SELL,14.315714285712602,TP,350s
2025-11-10T14:17:27.198551,US100,BUY,-5.571428571427532,SL,198s
2025-11-10T14:18:35.137667,US100,BUY,-5.508571428570576,SL,23s
2025-11-10T14:18:51.089800,US100,SELL,14.409999999999854,TP,404s
2025-11-10T14:19:47.740884,US100,SELL,1.0619999999980791,TrailSL,400s
2025-11-10T14:19:47.740884,US100,SELL,-5.484000000000378,TrailSL,65s
2025-11-10T14:21:49.310436,US100,BUY,15.290000000000873,TP,127s
2025-11-10T14:23:32.278338,US100,SELL,-5.634285714284488,SL,18s
2025-11-10T14:23:36.331771,US100,BUY,14.551428571427095,TP,204s
2025-11-10T14:24:40.705846,US100,BUY,-5.977142857143917,SL,55s
2025-11-10T14:25:01.102852,US100,SELL,-5.959999999999127,SL,16s
2025-11-10T14:25:03.258095,US100,BUY,14.928571428572468,TP,260s
2025-11-10T14:25:06.802626,US100,BUY,15.274285714287544,TP,202s
2025-11-10T14:25:08.972768,US100,BUY,15.305714285714203,TP,174s
2025-11-10T14:27:33.713260,US100,BUY,-2.6599999999998545,TrailSL,137s
2025-11-10T14:28:06.567669,US100,SELL,18.6528571428571,TP,80s
2025-11-10T14:28:59.878829,US100,SELL,1.118000000002212,TrailSL,73s
2025-11-10T14:29:01.064616,US100,SELL,-7.799999999999272,SL,45s
2025-11-10T14:35:33.118049,US100,SELL,-14.959999999999127,SL,3s
2025-11-10T14:35:37.066564,US100,BUY,35.121428571426804,TP,260s
2025-11-10T14:39:19.519799,US100,BUY,39.58428571428158,TP,362s
2025-11-10T14:44:32.091752,US100,BUY,43.11999999999898,TP,524s
2025-11-10T14:44:49.743989,US100,BUY,34.367142857143335,TP,331s
2025-11-10T14:48:26.482584,US100,BUY,0.7430000000022119,TrailSL,247s
2025-11-10T14:48:26.786960,US100,BUY,-9.100000000002183,TrailSL,217s
2025-11-10T14:48:26.786960,US100,BUY,4.9759999999987485,TrailSL,458s
2025-11-10T14:50:22.695133,US100,SELL,33.28285714285448,TP,92s
2025-11-10T14:52:53.082957,US100,BUY,-13.051428571427095,SL,63s
2025-11-10T14:53:13.667373,US100,BUY,-9.34400000000096,TrailSL,113s
2025-11-10T14:54:37.730043,US100,SELL,-12.857142857141298,SL,77s
2025-11-10T14:54:49.818936,US100,SELL,-8.229999999999563,TrailSL,119s
2025-11-10T14:54:53.698223,US100,SELL,-1.3249999999970896,TrailSL,273s
2025-11-10T14:57:31.598381,US100,BUY,36.142857142855064,TP,190s
2025-11-10T14:58:03.597311,US100,BUY,36.45714285714348,TP,192s
2025-11-10T14:59:50.501456,US100,BUY,-11.714285714286234,SL,29s
2025-11-10T15:00:05.601646,US100,BUY,-10.786000000000058,TrailSL,74s
2025-11-10T15:00:05.891212,US100,BUY,-0.7670000000034634,TrailSL,134s
2025-11-10T15:00:05.892480,US100,BUY,8.934999999997672,TrailSL,164s
2025-11-10T15:00:06.185357,US100,BUY,-5.38300000000163,TrailSL,105s
2025-11-10T15:13:09.233795,US100,BUY,-10.531428571430297,SL,45s
2025-11-10T15:13:32.091354,US100,BUY,6.177000000003318,TrailSL,550s
2025-11-10T15:13:32.092354,US100,BUY,-0.7510000000002037,TrailSL,189s
2025-11-10T15:13:32.098354,US100,BUY,-8.923999999999069,TrailSL,159s
2025-11-10T15:14:17.199116,US100,BUY,2.1970000000001164,TrailSL,565s
2025-11-10T15:14:17.378115,US100,BUY,-6.13300000000163,TrailSL,444s
2025-11-10T15:16:40.977335,US100,SELL,-10.645714285714348,SL,106s
2025-11-10T15:16:41.692320,US100,SELL,8.255999999997584,TrailSL,197s
2025-11-10T15:16:41.693319,US100,SELL,-4.6340000000018335,TrailSL,137s
2025-11-10T15:20:23.699631,US100,SELL,-5.473000000001775,TrailSL,58s
2025-11-10T15:25:03.570150,US100,BUY,31.97857142857174,TP,278s
2025-11-10T15:25:03.571226,US100,SELL,-11.177142857144645,SL,127s
2025-11-10T15:25:40.221740,US100,BUY,32.85857142857276,TP,285s
2025-11-10T15:29:44.828026,US100,BUY,-11.119999999998981,SL,258s
2025-11-10T15:29:45.340025,US100,BUY,-5.9429999999993015,TrailSL,289s
2025-11-10T15:32:51.064921,US100,SELL,-1.6039999999993597,TrailSL,174s
2025-11-10T15:33:53.644757,US100,BUY,-10.977142857143917,SL,56s
2025-11-10T15:36:20.492587,US100,SELL,-8.797999999998865,TrailSL,142s
2025-11-10T15:40:54.011969,US100,SELL,30.784285714285943,TP,205s
2025-11-10T15:45:51.225094,US100,SELL,-9.479999999999563,SL,81s
2025-11-10T15:47:49.889438,US100,BUY,-7.998999999999796,TrailSL,109s
2025-11-10T15:48:22.680941,US100,SELL,31.601428571430006,TP,563s
2025-11-10T15:49:32.171313,US100,SELL,28.128571428573196,TP,452s
2025-11-10T15:50:22.850328,US100,SELL,25.991428571425786,TP,142s
2025-11-10T15:50:38.970790,US100,SELL,27.264285714285506,TP,128s
2025-11-10T15:50:41.993037,US100,SELL,26.33714285714086,TP,70s
2025-11-10T15:51:20.927827,US100,SELL,27.20142857142855,TP,49s
2025-11-10T15:51:50.557720,US100,SELL,28.757142857142753,TP,49s
2025-11-10T15:52:54.115375,US100,SELL,28.64714285714217,TP,83s
2025-11-10T15:53:12.470978,US100,SELL,-11.474285714284633,SL,11s
2025-11-10T15:54:32.617905,US100,BUY,-11.897142857142171,SL,61s
2025-11-10T15:54:55.678243,US100,SELL,-12.400000000001455,SL,23s
2025-11-10T15:55:36.191579,US100,BUY,-12.55428571428638,SL,34s
2025-11-10T15:55:36.611615,US100,SELL,32.057142857142026,TP,215s
2025-11-10T15:59:08.617652,US100,BUY,-12.639999999999418,SL,35s
2025-11-10T16:00:42.100342,US100,SELL,33.235714285714494,TP,69s
2025-11-10T16:01:51.104891,US100,SELL,-12.571428571427532,SL,48s
2025-11-10T16:03:39.852063,US100,SELL,0.091999999996915,TrailSL,186s
2025-11-10T16:05:09.082423,US100,BUY,-6.4760000000023865,TrailSL,96s
2025-11-10T16:05:09.334420,US100,BUY,-12.097142857142899,SL,66s
2025-11-10T16:07:15.689016,US100,SELL,7.90599999999904,TrailSL,131s
2025-11-10T16:07:30.008694,US100,SELL,-5.496999999999389,TrailSL,116s
2025-11-10T16:08:51.438624,US100,BUY,36.37857142856956,TP,107s
2025-11-10T16:09:14.673683,US100,BUY,-9.635999999998603,TrailSL,40s
2025-11-10T16:11:22.502131,US100,SELL,-13.01142857142986,SL,107s
2025-11-10T16:11:33.249097,US100,BUY,36.095714285715076,TP,239s
2025-11-10T16:13:02.703614,US100,BUY,-11.857142857141298,SL,27s
2025-11-10T16:16:12.210536,US100,SELL,-12.159999999999854,SL,67s
2025-11-10T16:16:12.457704,US100,SELL,2.2230000000017753,TrailSL,187s
2025-11-10T16:16:12.457704,US100,SELL,-7.359999999996944,TrailSL,157s
2025-11-10T16:16:29.748129,US100,BUY,-11.834285714285215,SL,23s
2025-11-10T16:21:24.084453,US100,BUY,-3.2030000000013388,TrailSL,108s
2025-11-10T16:22:52.088961,US100,SELL,34.17857142857247,TP,75s
2025-11-10T16:23:48.851405,US100,SELL,-4.588000000003376,TrailSL,101s
2025-11-10T16:24:31.217216,US100,BUY,-11.851428571430006,SL,24s
2025-11-10T16:30:24.446131,US100,SELL,-11.251428571427823,SL,46s
2025-11-11T12:01:49.882179,US100,SELL,-5.868571428571158,SL,65s
2025-11-11T12:04:10.263617,US100,BUY,0.05500000000029104,TrailSL,115s
2025-11-11T12:04:10.265604,US100,BUY,3.3519999999989523,TrailSL,146s
2025-11-11T12:08:27.869923,US100,SELL,-2.139000000002852,TrailSL,282s
2025-11-11T12:16:43.555405,US100,BUY,-5.21142857142695,SL,47s
2025-11-11T12:16:49.469730,US100,BUY,-4.0090000000018335,TrailSL,83s
2025-11-11T12:17:38.955435,US100,BUY,-3.319999999999709,TrailSL,530s
2025-11-11T12:18:54.278104,US100,SELL,14.567142857144063,TP,148s
2025-11-11T12:20:38.215739,US100,BUY,-5.177142857144645,SL,40s
2025-11-11T12:22:43.793643,US100,SELL,-5.131428571428842,SL,226s
2025-11-11T12:22:43.793643,US100,SELL,4.014999999999418,TrailSL,347s
2025-11-11T12:22:43.795686,US100,SELL,-4.942857142857974,SL,106s
2025-11-11T12:22:43.799574,US100,SELL,-0.14099999999962165,TrailSL,287s
2025-11-11T12:24:30.281714,US100,BUY,2.558999999997468,TrailSL,152s
2025-11-11T12:24:40.705397,US100,BUY,-1.893000000000029,TrailSL,102s
2025-11-11T12:25:58.447417,US100,SELL,-4.977142857143917,SL,28s
2025-11-11T12:27:36.551322,US100,BUY,-5.525714285715367,SL,36s
2025-11-11T12:35:04.277915,US100,BUY,-5.965714285714057,SL,57s
2025-11-11T12:36:54.530062,US100,SELL,16.82999999999811,TP,412s
2025-11-11T12:36:57.652034,US100,SELL,16.468571428569703,TP,536s
2025-11-11T12:36:58.554876,US100,SELL,15.79285714285652,TP,111s
2025-11-11T12:38:02.131160,US100,SELL,16.07571428571464,TP,84s
2025-11-11T12:38:12.758729,US100,SELL,16.704285714287835,TP,63s
2025-11-11T12:39:18.675917,US100,SELL,17.159999999999854,TP,98s
2025-11-11T12:42:07.747594,US100,SELL,-6.737142857142317,SL,176s
2025-11-11T12:44:13.968309,US100,SELL,2.3699999999953434,TrailSL,362s
2025-11-11T12:48:08.863975,US100,BUY,-7.319999999999709,SL,111s
2025-11-11T12:49:12.562863,US100,BUY,3.3109999999978754,TrailSL,296s
2025-11-11T12:54:06.693730,US100,SELL,-6.13300000000163,TrailSL,289s
2025-11-11T12:54:08.205951,US100,SELL,-2.9360000000015134,TrailSL,351s
2025-11-11T12:54:08.206921,US100,SELL,0.8429999999971187,TrailSL,381s
2025-11-11T12:56:11.509077,US100,BUY,-5.657142857144208,SL,110s
2025-11-11T12:56:17.503235,US100,BUY,0.06499999999869033,TrailSL,267s
2025-11-11T13:00:45.638628,US100,SELL,-5.508571428570576,SL,21s
2025-11-11T13:05:29.694383,US100,BUY,-5.525714285715367,SL,154s
2025-11-11T13:05:31.868546,US100,BUY,-1.0789999999979045,TrailSL,277s
2025-11-11T13:06:15.538525,US100,SELL,-1.9579999999987194,TrailSL,140s
2025-11-11T13:07:03.510173,US100,SELL,-3.282999999999447,TrailSL,95s
2025-11-11T13:09:57.627443,US100,BUY,16.672857142857538,TP,118s
2025-11-11T13:16:58.891586,US100,BUY,-6.337142857144499,SL,174s
2025-11-11T13:17:12.894912,US100,BUY,-1.6260000000002037,TrailSL,431s
2025-11-11T13:21:37.878872,US100,SELL,-6.474285714284633,SL,120s
2025-11-11T13:22:53.346065,US100,BUY,-6.674285714285361,SL,75s
2025-11-11T13:22:54.882771,US100,SELL,16.37428571428609,TP,439s
2025-11-11T13:24:05.311349,US100,SELL,19.54857142857145,TP,57s
2025-11-11T13:25:25.380917,US100,SELL,20.30285714285492,TP,107s
2025-11-11T13:26:01.997170,US100,SELL,20.28714285714159,TP,113s
2025-11-11T13:28:11.042859,US100,BUY,-8.502857142855646,SL,31s
2025-11-11T13:30:10.187321,US100,SELL,-8.148571428569994,SL,241s
2025-11-11T13:30:25.331286,US100,SELL,0.782999999999447,TrailSL,286s
2025-11-11T13:33:55.833779,US100,BUY,23.995714285712893,TP,224s
2025-11-11T13:35:41.567079,US100,BUY,23.540000000000873,TP,300s
2025-11-11T13:38:05.115889,US100,BUY,6.238999999997759,TrailSL,323s
2025-11-11T13:38:05.115889,US100,BUY,6.775000000001455,TrailSL,414s
2025-11-11T13:38:05.116888,US100,BUY,-1.0760000000009313,TrailSL,232s
2025-11-11T13:40:08.732951,US100,BUY,-6.897142857142171,SL,22s
2025-11-11T13:45:20.613911,US100,SELL,-6.942857142857974,SL,61s
2025-11-11T13:45:48.407857,US100,SELL,-6.937142857143044,SL,117s
2025-11-11T13:45:49.937831,US100,SELL,-1.6919999999990978,TrailSL,303s
2025-11-11T13:45:49.937831,US100,SELL,3.5469999999986612,TrailSL,333s
2025-11-11T13:45:49.940811,US100,SELL,1.3950000000004366,TrailSL,454s
2025-11-11T13:47:47.627523,US100,BUY,-0.6070000000036089,TrailSL,146s
2025-11-11T13:47:47.629509,US100,BUY,-4.074000000004162,TrailSL,116s
2025-11-11T13:48:05.697642,US100,BUY,-2.4500000000007276,TrailSL,378s
2025-11-11T13:49:54.367055,US100,SELL,-6.525714285715367,SL,61s
2025-11-11T13:53:21.320125,US100,BUY,-6.5542857142863795,SL,207s
2025-11-11T13:59:55.363331,US100,SELL,-4.039999999997235,TrailSL,387s
2025-11-11T13:59:55.363331,US100,SELL,0.11000000000058208,TrailSL,724s
2025-11-11T13:59:55.364456,US100,SELL,-2.532999999999447,TrailSL,450s
2025-11-11T14:00:01.424422,US100,SELL,3.599000000001979,TrailSL,790s
2025-11-11T14:00:29.439710,US100,BUY,15.902857142857101,TP,25s
2025-11-11T14:03:29.906639,US100,BUY,-2.566000000002532,TrailSL,175s
2025-11-11T14:05:39.854210,US100,SELL,16.107142857141298,TP,214s
2025-11-11T14:07:21.452611,US100,SELL,2.1299999999973807,TrailSL,225s
2025-11-11T14:07:22.966046,US100,SELL,-3.111000000004424,TrailSL,105s
2025-11-11T14:14:05.673732,US100,SELL,-5.451428571428551,SL,203s
2025-11-11T14:14:41.391921,US100,BUY,18.040000000000873,TP,482s
2025-11-11T14:16:42.075954,US100,SELL,-5.582857142857392,SL,57s
2025-11-11T14:16:53.690254,US100,BUY,16.578571428570285,TP,553s
2025-11-11T14:17:31.662426,US100,BUY,14.535714285713766,TP,198s
2025-11-11T14:17:46.284408,US100,BUY,14.724285714284633,TP,182s
2025-11-11T14:22:49.239134,US100,SELL,-5.902857142857101,SL,61s
2025-11-11T14:22:53.785270,US100,BUY,16.452857142856374,TP,337s
2025-11-11T14:24:54.121402,US100,BUY,-5.742857142857247,SL,96s
2025-11-11T14:25:01.670077,US100,BUY,-3.3000000000029104,TrailSL,133s
2025-11-11T14:25:02.184370,US100,BUY,1.1499999999978172,TrailSL,436s
2025-11-11T14:27:48.801317,US100,SELL,15.038571428569412,TP,179s
2025-11-11T14:27:51.323180,US100,SELL,15.227142857143917,TP,152s
2025-11-11T14:29:17.728249,US100,SELL,0.9770000000025902,TrailSL,87s
2025-11-11T14:29:17.730200,US100,SELL,3.783000000003085,TrailSL,117s
2025-11-11T14:29:18.702480,US100,SELL,-4.460999999999331,TrailSL,58s
2025-11-11T14:30:09.920786,US100,BUY,-4.586999999999534,TrailSL,49s
2025-11-11T14:32:44.724096,US100,BUY,23.41428571428696,TP,113s
2025-11-11T14:34:20.097729,US100,BUY,-10.7599999999984,SL,89s
2025-11-11T14:37:37.669830,US100,BUY,0.8909999999996217,TrailSL,136s
2025-11-11T14:37:47.220988,US100,BUY,-10.847000000001572,TrailSL,25s
2025-11-11T14:38:46.783940,US100,SELL,-13.959999999999127,SL,24s
2025-11-11T14:41:19.785301,US100,SELL,-6.25,TrailSL,57s
2025-11-11T14:42:25.600373,US100,BUY,-13.799999999999272,SL,63s
2025-11-11T14:44:01.814222,US100,SELL,-14.251428571427823,SL,69s
2025-11-11T14:49:25.163575,US100,BUY,-10.924000000002707,TrailSL,242s
2025-11-11T14:50:08.449224,US100,SELL,34.47714285714392,TP,135s
2025-11-11T14:50:11.444871,US100,SELL,32.41857142857407,TP,48s
2025-11-11T14:50:28.361927,US100,SELL,33.345714285715076,TP,34s
2025-11-11T14:51:02.953982,US100,SELL,-5.988000000004831,TrailSL,38s
2025-11-11T14:55:59.176627,US100,SELL,-12.514285714285506,SL,34s
2025-11-11T14:56:02.896755,US100,SELL,-13.211428571430588,SL,188s
2025-11-11T14:57:20.592747,US100,BUY,39.22285714285681,TP,55s
2025-11-11T15:01:55.286353,US100,SELL,-12.611428571428405,SL,59s
2025-11-11T15:03:41.639534,US100,BUY,-12.971428571428987,SL,105s
2025-11-11T15:03:42.642455,US100,BUY,-7.119999999998981,TrailSL,376s
2025-11-11T15:05:44.103749,US100,SELL,34.35142857142637,TP,318s
2025-11-11T15:05:53.209693,US100,SELL,33.92714285714101,TP,116s
2025-11-11T15:06:35.532551,US100,SELL,32.41857142857043,TP,98s
2025-11-11T15:06:39.913596,US100,SELL,32.81142857142913,TP,72s
2025-11-11T15:06:40.017471,US100,SELL,33.97428571428463,TP,43s
2025-11-11T15:08:46.315428,US100,SELL,9.059000000001106,TrailSL,109s
2025-11-11T15:13:38.648570,US100,BUY,-4.025000000001455,TrailSL,280s
2025-11-11T15:13:38.651568,US100,BUY,2.272000000000844,TrailSL,310s
2025-11-11T15:14:12.034932,US100,BUY,-16.148571428569994,SL,104s
2025-11-11T15:14:12.835447,US100,BUY,-16.43999999999869,SL,224s
2025-11-11T15:18:11.612469,US100,SELL,-12.062857142856956,SL,42s
2025-11-11T15:19:12.826679,US100,BUY,-11.77714285714319,SL,43s
2025-11-11T15:20:26.619175,US100,SELL,0.8410000000003492,TrailSL,86s
2025-11-11T15:20:26.745994,US100,SELL,-6.007999999997992,TrailSL,56s
2025-11-11T15:20:27.112180,US100,SELL,2.800999999999476,TrailSL,268s
2025-11-11T15:20:36.657244,US100,SELL,5.868999999998778,TrailSL,307s
2025-11-11T15:20:36.658243,US100,SELL,9.05699999999706,TrailSL,367s
2025-11-11T15:25:26.973769,US100,SELL,-12.77142857142826,SL,116s
2025-11-11T15:26:25.647181,US100,BUY,-12.21714285714188,SL,54s
2025-11-11T15:26:34.038395,US100,BUY,-4.138999999999214,TrailSL,124s
2025-11-11T15:28:37.311991,US100,SELL,32.84285714285579,TP,126s
2025-11-11T15:30:12.562721,US100,BUY,-11.834285714285215,SL,41s
2025-11-11T15:32:18.836321,US100,BUY,-11.828571428570285,SL,76s
2025-11-11T15:33:37.254790,US100,SELL,33.58142857142593,TP,306s
2025-11-11T15:34:07.880547,US100,SELL,32.638571428571595,TP,246s
2025-11-11T15:34:29.815588,US100,SELL,33.219999999997526,TP,117s
2025-11-11T15:37:23.623024,US100,SELL,-11.605714285713475,SL,81s
2025-11-11T15:37:24.116965,US100,SELL,5.648000000001048,TrailSL,232s
2025-11-11T15:37:24.117951,US100,SELL,-9.876000000000204,TrailSL,172s
2025-11-11T15:41:52.391873,US100,BUY,32.96857142857334,TP,259s
2025-11-11T15:42:43.089601,US100,BUY,8.242999999998574,TrailSL,160s
2025-11-11T15:42:43.089601,US100,BUY,-0.3440000000009604,TrailSL,100s
2025-11-11T15:46:23.854381,US100,BUY,-12.22857142857174,SL,109s
2025-11-11T15:46:23.918377,US100,BUY,-6.518000000000029,TrailSL,259s
2025-11-11T15:51:21.337796,US100,SELL,31.69571428571362,TP,317s
2025-11-11T15:51:21.339699,US100,BUY,-11.302857142858556,SL,75s
2025-11-11T15:55:18.415832,US100,SELL,32.22999999999956,TP,523s
2025-11-11T15:58:03.504669,US100,SELL,-1.2990000000027067,TrailSL,387s
2025-11-11T16:02:13.048695,US100,BUY,29.715714285714057,TP,245s
2025-11-11T16:04:06.447130,US100,BUY,-10.119999999998981,SL,57s
2025-11-11T16:04:36.069304,US100,BUY,0.13799999999901047,TrailSL,148s
2025-11-11T16:05:47.905672,US100,SELL,0.9710000000013679,TrailSL,98s
2025-11-11T16:06:27.220910,US100,BUY,-10.537142857141589,SL,17s
2025-11-11T16:09:33.251081,US100,BUY,-11.2400000000016,SL,113s
2025-11-11T16:10:55.986900,US100,SELL,-3.8880000000026484,TrailSL,255s
2025-11-11T16:10:58.496889,US100,SELL,-8.881999999997788,TrailSL,137s
2025-11-11T16:13:47.947056,US100,BUY,-0.3040000000000873,TrailSL,156s
2025-11-11T16:13:51.511499,US100,BUY,-10.262857142857683,SL,130s
2025-11-11T16:13:51.511499,US100,BUY,1.867999999994936,TrailSL,190s
2025-11-11T16:18:32.099203,US100,SELL,-9.491428571429424,SL,109s
2025-11-11T16:19:13.795886,US100,BUY,26.05428571428638,TP,210s
2025-11-11T16:20:01.757719,US100,BUY,25.04857142857145,TP,78s
2025-11-11T16:21:07.299032,US100,BUY,25.06428571428478,TP,114s
2025-11-11T16:23:24.445333,US100,BUY,24.985714285714494,TP,221s
2025-11-11T16:23:54.900487,US100,BUY,26.49428571428507,TP,161s
2025-11-11T16:24:10.446064,US100,BUY,26.557142857145664,TP,116s
2025-11-11T16:25:23.463004,US100,BUY,-9.102857142857829,SL,69s
2025-11-11T16:25:24.972724,US100,BUY,-0.2580000000016298,TrailSL,100s
2025-11-11T16:26:22.690523,US100,SELL,24.058571428573487,TP,68s
2025-11-11T16:26:30.281624,US100,SELL,25.89714285714217,TP,45s
2025-11-11T16:27:26.294246,US100,SELL,26.604285714285652,TP,41s
2025-11-11T16:28:34.753709,US100,SELL,27.09142857142797,TP,79s
2025-11-11T16:29:25.532934,US100,SELL,27.012857142857683,TP,100s
2025-11-11T16:30:19.339881,US100,SELL,28.191428571426513,TP,93s
2025-11-11T16:30:33.554858,US100,SELL,29.181428571428114,TP,47s
2025-11-12T12:01:16.853663,US100,SELL,-6.685714285715221,SL,21s
2025-11-12T12:04:01.003240,US100,BUY,19.94142857143015,TP,156s
2025-11-12T12:04:28.640887,US100,BUY,20.648571428569994,TP,153s
2025-11-12T12:05:03.586560,US100,BUY,19.501428571427823,TP,37s
2025-11-12T12:05:03.747524,US100,BUY,20.69571428571362,TP,157s
2025-11-12T12:05:03.750646,US100,BUY,20.55428571428638,TP,97s
2025-11-12T12:05:04.000501,US100,BUY,18.95142857142855,TP,6s
2025-11-12T12:05:27.962525,US100,BUY,23.822857142858993,TP,0s
2025-11-12T12:11:48.499997,US100,SELL,-8.194285714285797,SL,77s
2025-11-12T12:12:09.441149,US100,SELL,-9.0,SL,251s
2025-11-12T12:18:08.467745,US100,BUY,-4.724000000001979,TrailSL,123s
2025-11-12T12:23:45.324933,US100,BUY,-4.291999999997643,TrailSL,93s
2025-11-12T12:25:20.987074,US100,SELL,-2.9470000000001164,TrailSL,95s
2025-11-12T12:29:12.398915,US100,SELL,-4.817142857144063,SL,175s
2025-11-12T12:29:28.072233,US100,BUY,13.121428571430442,TP,621s
2025-11-12T12:29:42.172883,US100,BUY,22.220000000001164,TP,1091s
2025-11-12T12:29:42.678246,US100,BUY,15.572857142855355,TP,939s
2025-11-12T12:32:37.253845,US100,BUY,13.01142857142986,TP,778s
2025-11-12T12:35:19.101663,US100,BUY,17.83571428571304,TP,1366s
2025-11-12T12:35:19.101663,US100,BUY,22.330000000001746,TP,1397s
2025-11-12T12:36:00.522964,US100,BUY,13.32571428571464,TP,644s
2025-11-12T12:36:02.558483,US100,BUY,12.257142857142753,TP,404s
2025-11-12T12:38:02.097302,US100,BUY,1.4209999999984575,TrailSL,311s
2025-11-12T12:38:02.363258,US100,BUY,-1.5509999999958382,TrailSL,152s
2025-11-12T12:38:02.363258,US100,BUY,3.620999999999185,TrailSL,493s
2025-11-12T12:38:02.367263,US100,BUY,0.9350000000013097,TrailSL,183s
2025-11-12T12:38:03.372234,US100,BUY,-4.7520000000004075,TrailSL,93s
2025-11-12T12:40:30.613333,US100,SELL,13.16857142857043,TP,149s
2025-11-12T12:41:53.358754,US100,SELL,13.435714285715221,TP,142s
2025-11-12T12:44:26.058787,US100,BUY,-5.165714285714785,SL,21s
2025-11-12T12:45:15.512853,US100,SELL,13.514285714285506,TP,283s
2025-11-12T12:46:07.626815,US100,SELL,2.231999999999971,TrailSL,275s
2025-11-12T12:46:07.626815,US100,SELL,1.125,TrailSL,92s
2025-11-12T12:46:07.627814,US100,SELL,-0.38799999999901047,TrailSL,245s
2025-11-12T12:46:09.633640,US100,SELL,-5.428000000003522,TrailSL,34s
2025-11-12T12:52:48.877274,US100,SELL,-5.131428571428842,SL,99s
2025-11-12T12:52:49.949406,US100,SELL,-5.142857142858702,SL,131s
2025-11-12T12:55:33.032486,US100,BUY,15.808571428573487,TP,537s
2025-11-12T12:57:14.443469,US100,BUY,-4.342857142855792,SL,29s
2025-11-12T12:57:17.962200,US100,BUY,-4.274285714287544,SL,125s
2025-11-12T12:57:23.513927,US100,BUY,2.54399999999805,TrailSL,283s
2025-11-12T12:57:23.513927,US100,BUY,0.3099999999976717,TrailSL,253s
2025-11-12T12:57:27.074810,US100,BUY,0.3999999999978172,TrailSL,499s
2025-11-12T12:59:12.906146,US100,SELL,-4.880000000001019,SL,56s
2025-11-12T12:59:23.626400,US100,SELL,-1.610000000000582,TrailSL,98s
2025-11-12T12:59:23.975486,US100,SELL,1.2659999999996217,TrailSL,128s
2025-11-12T13:04:58.407437,US100,BUY,13.907142857144208,TP,339s
2025-11-12T13:07:35.905733,US100,BUY,14.127142857145373,TP,465s
2025-11-12T13:07:40.899656,US100,BUY,13.938571428570867,TP,440s
2025-11-12T13:08:22.728000,US100,BUY,15.510000000002037,TP,301s
2025-11-12T13:12:30.316748,US100,BUY,-5.171428571429715,SL,246s
2025-11-12T13:13:04.136425,US100,BUY,1.9199999999982538,TrailSL,340s
2025-11-12T13:13:04.137460,US100,BUY,-0.7450000000026193,TrailSL,310s
2025-11-12T13:17:35.581004,US100,SELL,-4.462857142858411,SL,304s
2025-11-12T13:17:35.581981,US100,SELL,-4.022857142856083,SL,120s
2025-11-12T13:17:43.108606,US100,SELL,-3.4360000000015134,TrailSL,342s
2025-11-12T13:17:53.204075,US100,SELL,-1.8169999999990978,TrailSL,446s
2025-11-12T13:19:03.750435,US100,BUY,-1.268000000000029,TrailSL,86s
2025-11-12T13:19:05.760622,US100,BUY,-3.047000000002299,TrailSL,302s
2025-11-12T13:19:09.296384,US100,BUY,3.2950000000018917,TrailSL,856s
2025-11-12T13:23:59.634424,US100,SELL,11.377142857145373,TP,321s
2025-11-12T13:24:10.204822,US100,SELL,11.518571428572614,TP,302s
2025-11-12T13:31:25.434196,US100,SELL,1.6709999999984575,TrailSL,462s
2025-11-12T13:31:25.434196,US100,SELL,-3.680000000000291,TrailSL,160s
2025-11-12T13:31:25.434196,US100,SELL,-1.3319999999985157,TrailSL,220s
2025-11-12T13:31:25.435163,US100,SELL,0.2400000000016007,TrailSL,432s
2025-11-12T13:33:15.775851,US100,BUY,-4.714285714286234,SL,116s
2025-11-12T13:35:36.357084,US100,SELL,-4.531428571430297,SL,105s
2025-11-12T13:35:57.183561,US100,SELL,-3.735000000000582,TrailSL,216s
2025-11-12T13:38:01.562405,US100,BUY,12.99571428571653,TP,127s
2025-11-12T13:39:15.344568,US100,BUY,1.5670000000027358,TrailSL,171s
2025-11-12T13:39:15.685980,US100,BUY,-4.897142857142171,SL,79s
2025-11-12T13:40:29.176800,US100,SELL,-1.8220000000037544,TrailSL,62s
2025-11-12T13:44:41.973326,US100,BUY,-4.799999999999272,SL,70s
2025-11-12T13:44:42.053361,US100,BUY,-2.5610000000015134,TrailSL,253s
2025-11-12T13:49:58.216423,US100,SELL,-1.576999999997497,TrailSL,326s
2025-11-12T13:50:02.729903,US100,SELL,-0.28399999999965075,TrailSL,451s
2025-11-12T13:56:56.455880,US100,BUY,3.61699999999837,TrailSL,439s
2025-11-12T13:56:56.455880,US100,BUY,-1.381999999997788,TrailSL,348s
2025-11-12T14:00:53.886118,US100,SELL,12.068571428571886,TP,248s
2025-11-12T14:00:57.911591,US100,SELL,12.194285714285797,TP,528s
2025-11-12T14:02:08.352708,US100,SELL,11.612857142856228,TP,170s
2025-11-12T14:02:48.408552,US100,SELL,12.194285714285797,TP,333s
2025-11-12T14:05:42.808760,US100,SELL,12.00571428571493,TP,292s
2025-11-12T14:07:12.594677,US100,SELL,12.037142857145227,TP,352s
2025-11-12T14:08:12.958493,US100,SELL,-4.8400000000001455,SL,109s
2025-11-12T14:15:15.615511,US100,BUY,-4.548571428571449,SL,226s
2025-11-12T14:20:09.720511,US100,SELL,-3.7410000000018044,TrailSL,856s
2025-11-12T14:20:09.720511,US100,SELL,-1.2860000000000582,TrailSL,1037s
2025-11-12T14:21:30.934552,US100,BUY,-2.6739999999990687,TrailSL,265s
2025-11-12T14:21:30.934552,US100,BUY,-4.348571428570722,SL,235s
2025-11-12T14:21:38.995792,US100,BUY,-2.8840000000018335,TrailSL,793s
2025-11-12T14:22:19.053463,US100,SELL,0.14600000000064028,TrailSL,69s
2025-11-12T14:22:19.681576,US100,SELL,-4.348571428570722,SL,38s
2025-11-12T14:28:08.744231,US100,SELL,2.2880000000004657,TrailSL,236s
2025-11-12T14:28:08.748231,US100,SELL,-0.19999999999708962,TrailSL,176s
2025-11-12T14:28:14.828938,US100,SELL,-5.5885714285723225,SL,61s
2025-11-12T14:29:20.866161,US100,BUY,-3.032999999999447,TrailSL,67s
2025-11-12T14:30:41.307237,US100,SELL,19.98857142857014,TP,27s
2025-11-12T14:31:05.054207,US100,SELL,21.84285714285579,TP,21s
2025-11-12T14:31:15.004307,US100,SELL,25.582857142857392,TP,1s
2025-11-12T14:32:36.626332,US100,SELL,29.024285714287544,TP,52s
2025-11-12T14:35:39.885142,US100,SELL,-4.795000000001892,TrailSL,85s
2025-11-12T14:37:46.472618,US100,BUY,-16.3371428571445,SL,121s
2025-11-12T14:44:35.954670,US100,BUY,-13.537142857141589,SL,49s
2025-11-12T14:44:45.908389,US100,SELL,45.82285714285899,TP,450s
2025-11-12T14:46:36.868760,US100,BUY,-13.525714285715367,SL,49s
2025-11-12T14:46:43.725812,US100,SELL,39.75714285714275,TP,297s
2025-11-12T14:46:43.726811,US100,SELL,40.38571428571595,TP,327s
2025-11-12T14:46:46.715694,US100,SELL,37.51000000000204,TP,120s
2025-11-12T14:46:58.358343,US100,SELL,42.82142857142753,TP,11s
2025-11-12T14:50:40.263747,US100,SELL,-15.948571428572905,SL,52s
2025-11-12T14:50:48.580308,US100,SELL,3.5240000000012515,TrailSL,211s
2025-11-12T14:53:48.073690,US100,SELL,-16.01142857142986,SL,120s
2025-11-12T14:55:05.759822,US100,BUY,-13.874285714286088,SL,76s
2025-11-12T14:55:07.415864,US100,BUY,-5.891999999999825,TrailSL,108s
2025-11-12T14:58:44.522096,US100,SELL,-13.919999999998254,SL,54s
2025-11-12T14:58:45.125539,US100,SELL,-13.565714285712602,SL,176s
2025-11-12T14:58:47.156073,US100,SELL,5.30000000000291,TrailSL,208s
2025-11-12T15:05:06.832581,US100,BUY,-14.371428571430442,SL,45s
2025-11-12T15:05:15.162355,US100,BUY,-14.594285714287253,SL,115s
2025-11-12T15:05:19.175161,US100,BUY,9.63300000000163,TrailSL,299s
2025-11-12T15:05:45.307185,US100,BUY,-12.58299999999872,TrailSL,265s
2025-11-12T15:06:20.416063,US100,SELL,-14.279999999998836,SL,29s
2025-11-12T15:06:28.664063,US100,SELL,-4.8070000000006985,TrailSL,67s
2025-11-12T15:06:42.253692,US100,SELL,-5.086000000002969,TrailSL,262s
2025-11-12T15:10:55.217053,US100,BUY,40.99857142857218,TP,244s
2025-11-12T15:12:29.710975,US100,BUY,0.23700000000098953,TrailSL,248s
2025-11-12T15:13:27.211827,US100,SELL,39.83571428571304,TP,35s
2025-11-12T15:16:45.792089,US100,SELL,-5.504000000000815,TrailSL,173s
2025-11-12T15:19:34.265185,US100,BUY,-14.794285714284342,SL,161s
2025-11-12T15:20:40.551513,US100,SELL,-12.051428571427095,SL,17s
2025-11-12T15:21:25.525024,US100,SELL,-6.3659999999981665,TrailSL,152s
2025-11-12T15:28:20.570100,US100,SELL,-12.485714285714494,SL,326s
2025-11-12T15:30:17.976246,US100,BUY,-8.05199999999968,TrailSL,51s
2025-11-12T15:30:18.214620,US100,BUY,-1.7799999999988358,TrailSL,112s
2025-11-12T15:34:27.341265,US100,BUY,-11.931428571428114,SL,30s
2025-11-12T15:34:50.011405,US100,SELL,32.387142857140134,TP,263s
2025-11-12T15:36:03.969760,US100,SELL,34.17857142856883,TP,246s
2025-11-12T15:36:08.302263,US100,SELL,33.84857142857072,TP,101s
2025-11-12T15:36:23.844203,US100,SELL,33.927142857144645,TP,86s
2025-11-12T15:36:43.215451,US100,SELL,33.188571428574505,TP,15s
2025-11-12T15:37:42.867708,US100,SELL,-5.872000000003027,TrailSL,44s
2025-11-12T15:39:50.353536,US100,BUY,35.98571428571813,TP,112s
2025-11-12T15:40:15.315587,US100,BUY,36.11142857143204,TP,47s
2025-11-12T15:40:58.529935,US100,BUY,-1.0120000000024447,TrailSL,60s
2025-11-12T15:43:49.676612,US100,BUY,-13.885714285715949,SL,80s
2025-11-12T15:46:17.205113,US100,BUY,-12.56000000000131,SL,47s
2025-11-12T15:46:47.331306,US100,BUY,-6.4540000000015425,TrailSL,379s
2025-11-12T15:49:37.661577,US100,SELL,33.86428571428405,TP,187s
2025-11-12T15:52:41.817103,US100,SELL,32.30857142857349,TP,311s
2025-11-12T15:52:43.817000,US100,SELL,31.177142857144645,TP,193s
2025-11-12T15:55:19.823367,US100,SELL,-9.134000000001834,TrailSL,138s
2025-11-12T15:55:19.823367,US100,SELL,2.275999999998021,TrailSL,168s
2025-11-12T15:58:08.796916,US100,BUY,-12.051428571427095,SL,36s
2025-11-12T15:58:14.575751,US100,BUY,3.389999999999418,TrailSL,163s
2025-11-12T15:58:15.275952,US100,BUY,-9.108000000000175,TrailSL,74s
2025-11-12T16:00:34.146026,US100,SELL,8.175999999999476,TrailSL,152s
2025-11-12T16:00:34.146026,US100,SELL,-12.611428571428405,SL,92s
2025-11-12T16:03:48.920316,US100,BUY,-4.503999999997177,TrailSL,75s
2025-11-12T16:03:49.730272,US100,BUY,-11.708571428571304,SL,46s
2025-11-12T16:06:07.238439,US100,SELL,-11.405714285712747,SL,34s
2025-11-12T16:06:19.259555,US100,SELL,-0.8049999999966531,TrailSL,136s
2025-11-12T16:06:19.260990,US100,SELL,-10.381000000001222,TrailSL,106s
2025-11-12T16:10:02.070806,US100,BUY,-5.7260000000023865,TrailSL,209s
2025-11-12T16:10:54.102739,US100,SELL,27.892857142855064,TP,50s
2025-11-12T16:11:53.168552,US100,SELL,28.757142857142753,TP,79s
2025-11-12T16:15:05.279496,US100,SELL,-9.822857142858993,SL,30s
2025-11-12T16:15:06.468200,US100,SELL,5.162000000000262,TrailSL,242s
2025-11-12T16:15:06.468200,US100,SELL,-4.803999999996449,TrailSL,181s
2025-11-12T16:15:39.874674,US100,BUY,28.835714285716676,TP,34s
2025-11-12T16:20:06.524998,US100,BUY,30.045714285715803,TP,271s
2025-11-12T16:20:06.526025,US100,SELL,-10.971428571428987,SL,90s
2025-11-12T16:24:20.955327,US100,BUY,-8.145000000004075,TrailSL,254s
2025-11-12T16:24:21.441112,US100,BUY,-4.857000000003609,TrailSL,496s
2025-11-12T16:26:21.406777,US100,SELL,-7.293000000001484,TrailSL,104s
2025-11-12T16:28:52.149242,US100,BUY,27.704285714284197,TP,195s
2025-11-12T16:29:14.731101,US100,BUY,27.562857142856956,TP,156s
2025-11-12T16:29:57.194123,US100,BUY,26.9028571428571,TP,109s
2025-11-12T16:30:08.225880,US100,BUY,-3.1749999999992724,TrailSL,29s
2025-11-12T16:30:08.227011,US100,BUY,6.144000000000233,TrailSL,59s
2025-11-13T12:04:01.173704,US100,BUY,-8.251428571427823,SL,128s
2025-11-13T12:04:02.676460,US100,SELL,22.15714285714421,TP,189s
2025-11-13T12:10:10.601949,US100,SELL,-7.4457142857136205,SL,12s
2025-11-13T12:10:34.801793,US100,SELL,-6.115000000005239,TrailSL,67s
2025-11-13T12:10:36.115557,US100,SELL,-3.1410000000032596,TrailSL,280s
2025-11-13T12:10:36.116664,US100,SELL,3.36099999999351,TrailSL,371s
2025-11-13T12:10:36.116664,US100,SELL,6.458999999995285,TrailSL,401s
2025-11-13T12:14:48.239031,US100,BUY,-7.5885714285723225,SL,78s
2025-11-13T12:18:36.638278,US100,BUY,-7.754285714287107,SL,123s
2025-11-13T12:21:05.002362,US100,BUY,-3.605999999996129,TrailSL,606s
2025-11-13T12:21:05.002362,US100,BUY,-6.429999999996653,TrailSL,484s
2025-11-13T12:21:05.002362,US100,BUY,1.294000000001688,TrailSL,788s

2025-11-13T12:21:05.002362,US100,BUY,-6.027000000001863,TrailSL,304s
2025-11-13T12:22:41.629696,US100,SELL,-6.257142857142753,SL,96s
2025-11-13T12:23:12.293552,US100,SELL,-5.065999999998894,TrailSL,278s
2025-11-13T12:23:12.293552,US100,SELL,-2.687000000001717,TrailSL,308s
2025-11-13T12:23:15.315511,US100,SELL,-6.882000000001426,TrailSL,555s
2025-11-13T12:24:54.370929,US100,BUY,-0.6200000000026193,TrailSL,138s
2025-11-13T12:27:20.687949,US100,SELL,-5.474000000001979,TrailSL,133s
2025-11-13T12:34:25.442048,US100,BUY,20.585714285716676,TP,437s
2025-11-13T12:35:55.713864,US100,BUY,-6.377142857141735,SL,12s
2025-11-13T12:36:15.447618,US100,BUY,20.459999999999127,TP,486s
2025-11-13T12:36:32.601585,US100,BUY,20.11428571428769,TP,321s
2025-11-13T12:37:30.957863,US100,BUY,20.428571428572468,TP,45s
2025-11-13T12:41:15.698556,US100,BUY,-6.577999999997701,TrailSL,210s
2025-11-13T12:41:15.701572,US100,BUY,-3.6129999999975553,TrailSL,240s
2025-11-13T12:44:03.313818,US100,SELL,-8.108571428572759,SL,166s
2025-11-13T12:44:49.110817,US100,SELL,-6.717999999997119,TrailSL,242s
2025-11-13T12:48:40.623197,US100,BUY,-7.314285714284779,SL,202s
2025-11-13T12:48:45.139370,US100,BUY,-6.370999999999185,TrailSL,237s
2025-11-13T12:51:24.182951,US100,SELL,17.992857142857247,TP,185s
2025-11-13T12:52:31.485694,US100,SELL,-7.062857142856956,SL,39s
2025-11-13T12:52:31.753302,US100,SELL,3.3149999999986903,TrailSL,222s
2025-11-13T12:52:31.754298,US100,SELL,-6.422000000002299,TrailSL,70s
2025-11-13T12:55:38.056152,US100,BUY,-7.22857142857174,SL,166s
2025-11-13T13:08:27.840079,US100,SELL,-7.43999999999869,SL,181s
2025-11-13T13:08:28.445614,US100,SELL,-6.977142857143917,SL,453s
2025-11-13T13:08:30.965745,US100,SELL,4.927999999999884,TrailSL,696s
2025-11-13T13:08:30.966668,US100,SELL,3.0050000000010186,TrailSL,485s
2025-11-13T13:10:46.920085,US100,BUY,-7.028571428571013,SL,46s
2025-11-13T13:10:51.137225,US100,BUY,-4.133999999998196,TrailSL,143s
2025-11-13T13:10:52.127202,US100,BUY,-2.80199999999968,TrailSL,295s
2025-11-13T13:14:42.168882,US100,SELL,-7.154285714284924,SL,70s
2025-11-13T13:14:48.704614,US100,SELL,-6.2520000000004075,TrailSL,227s
2025-11-13T13:17:55.654049,US100,BUY,-7.485714285714494,SL,82s
2025-11-13T13:18:04.667135,US100,BUY,4.113000000001193,TrailSL,181s
2025-11-13T13:20:14.459939,US100,SELL,20.208571428571304,TP,129s
2025-11-13T13:21:20.953883,US100,SELL,20.208571428571304,TP,164s
2025-11-13T13:21:33.090159,US100,SELL,20.349999999998545,TP,147s
2025-11-13T13:21:33.464407,US100,SELL,20.68000000000029,TP,86s
2025-11-13T13:22:01.725238,US100,SELL,21.43428571428376,TP,84s
2025-11-13T13:22:27.419187,US100,SELL,-8.54285714285652,SL,20s
2025-11-13T13:22:33.996594,US100,SELL,2.062000000001717,TrailSL,56s
2025-11-13T13:32:04.056405,US100,BUY,-10.0,SL,294s
2025-11-13T13:32:04.056405,US100,BUY,-6.083999999998923,TrailSL,536s
2025-11-13T13:32:59.058785,US100,SELL,19.67428571428536,TP,106s
2025-11-13T13:33:04.856938,US100,SELL,19.894285714286525,TP,80s
2025-11-13T13:33:11.600646,US100,SELL,19.56428571428478,TP,57s
2025-11-13T13:33:12.506721,US100,SELL,26.415714285714785,TP,423s
2025-11-13T13:34:00.510556,US100,SELL,21.041428571428696,TP,46s
2025-11-13T13:35:07.623963,US100,SELL,21.308571428573487,TP,82s
2025-11-13T13:36:36.620069,US100,SELL,1.0629999999982829,TrailSL,141s
2025-11-13T13:38:01.320075,US100,BUY,-8.794285714284342,SL,75s
2025-11-13T13:40:02.921958,US100,SELL,-1.2810000000026776,TrailSL,106s
2025-11-13T13:40:02.926391,US100,SELL,3.9209999999984575,TrailSL,136s
2025-11-13T13:42:09.145497,US100,BUY,-9.721999999997934,TrailSL,112s
2025-11-13T13:42:13.408304,US100,BUY,-5.419000000001688,TrailSL,146s
2025-11-13T13:43:45.512570,US100,SELL,-10.074285714286816,SL,87s
2025-11-13T13:47:34.120477,US100,SELL,-10.188571428570867,SL,74s
2025-11-13T13:48:04.908647,US100,SELL,-10.428571428572468,SL,194s
2025-11-13T13:51:18.539500,US100,BUY,27.405714285716385,TP,510s
2025-11-13T13:51:51.850698,US100,BUY,-3.3540000000029977,TrailSL,180s
2025-11-13T13:51:51.853671,US100,BUY,-9.01142857142986,SL,90s
2025-11-13T13:51:51.856663,US100,BUY,5.217999999997119,TrailSL,241s
2025-11-13T13:55:37.035096,US100,BUY,-7.502857142855646,SL,44s
2025-11-13T13:56:14.425934,US100,SELL,24.89142857142724,TP,262s
2025-11-13T13:59:08.851957,US100,SELL,21.29285714285652,TP,164s
2025-11-13T14:00:07.170535,US100,SELL,21.732857142858848,TP,42s
2025-11-13T14:01:45.602108,US100,BUY,-9.365714285715512,SL,19s
2025-11-13T14:02:51.616867,US100,BUY,-7.31499999999869,TrailSL,115s
2025-11-13T14:06:13.971397,US100,BUY,-9.78285714285812,SL,44s
2025-11-13T14:07:00.345921,US100,SELL,27.107142857144936,TP,304s
2025-11-13T14:07:05.376700,US100,SELL,26.714285714286234,TP,35s
2025-11-13T14:07:39.136218,US100,SELL,28.238571428573778,TP,282s
2025-11-13T14:08:28.158542,US100,SELL,28.270000000000437,TP,88s
2025-11-13T14:09:30.110455,US100,SELL,26.792857142860157,TP,120s
2025-11-13T14:10:09.221211,US100,SELL,27.232857142858848,TP,129s
2025-11-13T14:10:48.757130,US100,SELL,0.2819999999992433,TrailSL,77s
2025-11-13T14:13:45.971102,US100,BUY,-11.588571428572322,SL,103s
2025-11-13T14:16:13.121902,US100,SELL,-11.23428571428667,SL,160s
2025-11-13T14:21:24.309510,US100,SELL,-8.546000000002095,TrailSL,501s
2025-11-13T14:21:24.811374,US100,SELL,-7.902857142857101,SL,108s
2025-11-13T14:23:23.808330,US100,BUY,30.328571428573923,TP,741s
2025-11-13T14:25:16.935521,US100,SELL,-7.7314285714273865,SL,7s
2025-11-13T14:25:18.075235,US100,BUY,28.034285714285943,TP,614s
2025-11-13T14:25:20.618666,US100,BUY,21.13571428571595,TP,253s
2025-11-13T14:25:22.639643,US100,BUY,23.477142857143917,TP,436s
2025-11-13T14:25:22.639643,US100,BUY,21.434285714287398,TP,225s
2025-11-13T14:25:22.639643,US100,BUY,20.350000000002183,TP,103s
2025-11-13T14:27:40.534920,US100,BUY,-6.069999999999709,TrailSL,120s
2025-11-13T14:27:40.535915,US100,BUY,0.39100000000325963,TrailSL,211s
2025-11-13T14:27:40.737332,US100,BUY,-9.091428571427969,SL,29s
2025-11-13T14:28:40.539667,US100,SELL,26.950000000000728,TP,59s
2025-11-13T14:29:17.068172,US100,SELL,4.810999999997875,TrailSL,66s
2025-11-13T14:29:23.491641,US100,SELL,-3.9420000000027358,TrailSL,42s
2025-11-13T14:30:03.563939,US100,BUY,30.910000000003492,TP,22s
2025-11-13T14:30:45.611650,US100,BUY,-3.853000000002794,TrailSL,34s
2025-11-13T14:31:57.822683,US100,SELL,7.615000000001601,TrailSL,46s
2025-11-13T14:36:26.757626,US100,SELL,54.57571428571828,TP,74s
2025-11-13T14:37:36.260852,US100,SELL,55.9900000000016,TP,114s
2025-11-13T14:39:20.208120,US100,SELL,-19.977142857143917,SL,98s
2025-11-13T14:42:17.906424,US100,SELL,59.400000000001455,TP,335s
2025-11-13T14:43:47.856438,US100,SELL,52.79999999999927,TP,214s
2025-11-13T14:46:39.911539,US100,SELL,9.459999999999127,TrailSL,176s
2025-11-13T14:46:39.912536,US100,SELL,-14.128000000000611,TrailSL,146s
2025-11-13T14:49:48.118648,US100,BUY,-10.010000000002037,TrailSL,34s
2025-11-13T14:54:51.311627,US100,BUY,-18.840000000000146,SL,96s
2025-11-13T14:59:28.815494,US100,BUY,12.680000000000291,TrailSL,222s
2025-11-13T15:04:21.213440,US100,SELL,49.23285714285885,TP,183s
2025-11-13T15:04:44.015950,US100,SELL,49.421428571429715,TP,176s
2025-11-13T15:06:18.348467,US100,SELL,-12.463000000003376,TrailSL,90s
2025-11-13T15:06:21.880436,US100,SELL,0.9809999999997672,TrailSL,213s
2025-11-13T15:08:08.842404,US100,BUY,47.95999999999913,TP,80s
2025-11-13T15:08:32.459136,US100,BUY,47.86571428571551,TP,74s
2025-11-13T15:12:28.807912,US100,SELL,-17.00571428571493,SL,99s
2025-11-13T15:12:29.860596,US100,BUY,46.62428571428609,TP,250s
2025-11-13T15:12:38.868138,US100,BUY,47.818571428571886,TP,229s
2025-11-13T15:14:22.419817,US100,BUY,44.14142857143088,TP,123s
2025-11-13T15:16:21.514131,US100,BUY,46.43571428571522,TP,211s
2025-11-13T15:16:36.114086,US100,BUY,45.91714285714261,TP,136s
2025-11-13T15:17:16.423632,US100,BUY,-6.996000000002823,TrailSL,56s
2025-11-13T15:17:19.109653,US100,BUY,-15.040000000000873,SL,29s
2025-11-13T15:19:30.978823,US100,SELL,42.632857142856665,TP,130s
2025-11-13T15:21:30.210498,US100,SELL,42.491428571429424,TP,219s
2025-11-13T15:22:33.202994,US100,SELL,41.83142857142593,TP,162s
2025-11-13T15:23:07.458108,US100,SELL,41.26571428571333,TP,166s
2025-11-13T15:24:25.377816,US100,SELL,-16.08571428571304,SL,63s
2025-11-13T15:24:27.085202,US100,SELL,-9.489999999997963,TrailSL,95s
2025-11-13T15:24:27.371134,US100,SELL,5.679999999996653,TrailSL,156s
2025-11-13T15:34:03.666283,US100,SELL,44.18857142857087,TP,431s
2025-11-13T15:34:16.071583,US100,SELL,39.70999999999913,TP,233s
2025-11-13T15:34:16.214379,US100,SELL,36.1428571428587,TP,173s
2025-11-13T15:34:16.732662,US100,SELL,43.669999999998254,TP,353s
2025-11-13T15:34:21.573983,US100,SELL,36.975714285716094,TP,148s
2025-11-13T15:34:31.830906,US100,SELL,36.535714285713766,TP,68s
2025-11-13T15:34:40.440313,US100,SELL,36.44142857143015,TP,16s
2025-11-13T15:36:22.685327,US100,SELL,-7.570000000003347,TrailSL,88s
2025-11-13T15:39:19.090051,US100,SELL,3.3079999999972642,TrailSL,85s
2025-11-13T15:41:02.259664,US100,SELL,-15.137142857143772,SL,37s
2025-11-13T15:41:47.072472,US100,BUY,1.4130000000041036,TrailSL,142s
2025-11-13T15:46:09.308840,US100,SELL,41.06142857142913,TP,103s
2025-11-13T15:47:04.022826,US100,SELL,39.0971428571429,TP,98s
2025-11-13T15:48:06.006501,US100,SELL,38.95571428571566,TP,130s
2025-11-13T15:49:34.215435,US100,SELL,37.44714285714508,TP,188s
2025-11-13T15:54:15.754770,US100,SELL,38.92428571428536,TP,409s
2025-11-13T15:56:02.241222,US100,SELL,-12.97714285714028,SL,35s
2025-11-13T15:56:06.259494,US100,SELL,-0.7570000000014261,TrailSL,99s
2025-11-13T15:58:29.432465,US100,SELL,-12.874285714286088,SL,62s
2025-11-13T15:59:45.679637,US100,BUY,36.77142857142462,TP,198s
2025-11-13T15:59:46.684654,US100,BUY,34.35142857142637,TP,109s
2025-11-13T16:00:18.732722,US100,BUY,34.79142857142506,TP,80s
2025-11-13T16:02:59.767870,US100,BUY,9.223000000001775,TrailSL,211s
2025-11-13T16:03:06.323704,US100,BUY,5.262000000002445,TrailSL,188s
2025-11-13T16:05:36.648621,US100,SELL,38.861428571428405,TP,127s
2025-11-13T16:06:52.924836,US100,SELL,41.784285714282305,TP,173s
2025-11-13T16:10:37.028451,US100,BUY,-4.985999999997148,TrailSL,67s
2025-11-13T16:10:37.029627,US100,BUY,-13.502857142855646,SL,37s
2025-11-13T16:13:50.141483,US100,SELL,-13.0,SL,170s
2025-11-13T16:16:05.949976,US100,BUY,8.265999999999622,TrailSL,64s
2025-11-13T16:16:06.198112,US100,BUY,-1.2489999999961583,TrailSL,35s
2025-11-13T16:19:11.026734,US100,SELL,39.85142857142637,TP,160s
2025-11-13T16:20:05.729996,US100,SELL,-12.532999999999447,TrailSL,34s
2025-11-13T16:24:15.759137,US100,BUY,-10.253000000000611,TrailSL,43s
2025-11-13T16:24:17.776585,US100,BUY,-1.684000000001106,TrailSL,75s
2025-11-13T16:28:19.190222,US100,SELL,3.4989999999997963,TrailSL,226s
2025-11-13T16:34:08.926940,US100,BUY,45.25714285714275,TP,455s
2025-11-13T16:34:32.643329,US100,BUY,41.611428571428405,TP,359s
2025-11-14T12:01:23.960632,US100,SELL,25.5199999999968,TP,47s
2025-11-14T12:01:44.353097,US100,SELL,26.038571428569412,TP,38s
2025-11-14T12:06:28.569439,US100,BUY,-10.649999999997817,TrailSL,49s
2025-11-14T12:06:31.607189,US100,SELL,29.448571428569267,TP,174s
2025-11-14T12:08:28.669648,US100,SELL,3.0320000000028813,TrailSL,261s
2025-11-14T12:08:30.689900,US100,SELL,-12.639999999999418,SL,111s
2025-11-14T12:09:28.686861,US100,BUY,-7.718000000000757,TrailSL,48s
2025-11-14T12:11:01.163059,US100,SELL,-7.621999999995751,TrailSL,81s
2025-11-14T12:12:23.859299,US100,BUY,-11.874285714286088,SL,72s
2025-11-14T12:12:24.355196,US100,BUY,-3.412000000000262,TrailSL,103s
2025-11-14T12:18:30.563550,US100,SELL,-8.8849999999984,TrailSL,348s
2025-11-14T12:19:06.501650,US100,BUY,-6.05199999999968,TrailSL,52s
2025-11-14T12:19:06.702490,US100,BUY,-10.102857142857829,SL,22s
2025-11-14T12:19:06.702490,US100,BUY,-0.875,TrailSL,143s
2025-11-14T12:19:17.951652,US100,BUY,-4.3509999999987485,TrailSL,275s
2025-11-14T12:21:01.705393,US100,SELL,29.134285714284488,TP,107s
2025-11-14T12:23:22.666457,US100,SELL,-6.72899999999936,TrailSL,156s
2025-11-14T12:23:26.189190,US100,SELL,-0.44900000000052387,TrailSL,221s
2025-11-14T12:24:52.706402,US100,BUY,-4.570000000003347,TrailSL,65s
2025-11-14T12:26:27.558762,US100,SELL,-10.279999999998836,SL,100s
2025-11-14T12:30:33.489944,US100,BUY,6.914000000000669,TrailSL,225s
2025-11-14T12:30:33.661754,US100,BUY,-9.452000000001135,TrailSL,134s
2025-11-14T12:32:37.602590,US100,SELL,31.805714285710565,TP,198s
2025-11-14T12:32:55.829880,US100,SELL,31.899999999997817,TP,125s
2025-11-14T12:36:20.136838,US100,BUY,-10.648000000001048,TrailSL,87s
2025-11-14T12:36:25.668897,US100,SELL,30.784285714282305,TP,213s
2025-11-14T12:39:46.069379,US100,SELL,30.517142857141152,TP,203s
2025-11-14T12:42:06.509266,US100,SELL,30.595714285711438,TP,131s
2025-11-14T12:44:40.859337,US100,SELL,-11.097142857142899,SL,44s
2025-11-14T12:44:54.063308,US100,SELL,1.412000000000262,TrailSL,269s
2025-11-14T12:44:54.215156,US100,SELL,-8.819999999996071,TrailSL,149s
2025-11-14T12:47:04.522474,US100,SELL,-7.944999999999709,TrailSL,68s
2025-11-14T12:48:08.157207,US100,SELL,-12.651428571429278,SL,10s
2025-11-14T12:50:16.212604,US100,BUY,35.3571428571413,TP,169s
2025-11-14T12:54:05.461459,US100,BUY,35.60857142856912,TP,307s
2025-11-14T12:56:09.146428,US100,BUY,-7.640999999999622,TrailSL,129s
2025-11-14T12:56:10.161580,US100,BUY,5.169999999998254,TrailSL,401s
2025-11-14T12:56:10.166114,US100,BUY,-2.978000000002794,TrailSL,371s
2025-11-14T12:57:37.929568,US100,SELL,-5.416999999997643,TrailSL,64s
2025-11-14T12:57:38.178252,US100,SELL,3.639000000002852,TrailSL,156s
2025-11-14T12:58:59.907861,US100,BUY,-10.051428571427095,SL,56s
2025-11-14T13:00:27.865178,US100,SELL,-10.239999999997963,SL,84s
2025-11-14T13:00:33.431888,US100,SELL,-10.108571428569121,SL,120s
2025-11-14T13:01:12.798068,US100,BUY,28.049999999999272,TP,219s
2025-11-14T13:01:18.609839,US100,BUY,27.37428571428245,TP,74s
2025-11-14T13:01:34.862193,US100,BUY,2.952000000001135,TrailSL,60s
2025-11-14T13:05:31.485337,US100,BUY,-10.428571428572468,SL,25s
2025-11-14T13:05:37.969659,US100,BUY,-6.800999999999476,TrailSL,61s
2025-11-14T13:05:38.965218,US100,BUY,-4.375,TrailSL,93s
railSL,183s
2025-11-14T13:07:12.412152,US100,SELL,29.039999999997235,TP,96s
2025-11-14T13:07:34.025455,US100,SELL,-11.119999999998981,SL,28s
2025-11-14T13:08:47.880097,US100,SELL,0.9600000000027649,TrailSL,161s
2025-11-14T13:11:07.723958,US100,SELL,-7.585999999999331,TrailSL,271s
2025-11-14T13:11:28.863199,US100,BUY,-10.594285714283615,SL,19s
2025-11-14T13:12:09.175677,US100,BUY,-10.485714285714494,SL,91s
2025-11-14T13:14:13.828448,US100,SELL,-11.085714285713038,SL,64s
2025-11-14T13:14:15.327805,US100,SELL,-5.651999999998225,TrailSL,96s
2025-11-14T13:14:15.327805,US100,SELL,5.326000000000931,TrailSL,156s
2025-11-14T13:15:59.614997,US100,BUY,8.848999999998341,TrailSL,79s
2025-11-14T13:16:02.116837,US100,BUY,-11.149000000001251,TrailSL,52s
2025-11-14T13:21:54.875412,US100,SELL,32.30857142856985,TP,314s
2025-11-14T13:23:18.500882,US100,SELL,29.794285714284342,TP,216s
2025-11-14T13:23:20.284105,US100,SELL,29.904285714284924,TP,187s
2025-11-14T13:23:54.484583,US100,SELL,29.857142857141298,TP,161s
2025-11-14T13:24:22.901514,US100,SELL,25.708571428571304,TP,68s
2025-11-14T13:24:43.569439,US100,SELL,1.0419999999976426,TrailSL,59s
2025-11-14T13:24:43.569439,US100,SELL,-6.967000000000553,TrailSL,29s
2025-11-14T13:30:08.982432,US100,BUY,-10.479999999999563,SL,83s
2025-11-14T13:30:14.237355,US100,BUY,6.559000000001106,TrailSL,300s
2025-11-14T13:30:14.753346,US100,BUY,-2.8980000000010477,TrailSL,209s
2025-11-14T13:31:10.989784,US100,SELL,-3.627999999996973,TrailSL,54s
2025-11-14T13:31:16.521191,US100,SELL,-10.788571428569412,SL,30s
2025-11-14T13:33:20.371089,US100,BUY,9.131000000001222,TrailSL,124s
2025-11-14T13:33:22.404266,US100,BUY,-5.021999999997206,TrailSL,95s
2025-11-14T13:36:51.232784,US100,SELL,-12.639999999999418,SL,61s
2025-11-14T13:37:50.891968,US100,BUY,-13.097142857142899,SL,30s
2025-11-14T13:43:14.322668,US100,BUY,-12.00571428571493,SL,53s
2025-11-14T13:43:14.322668,US100,BUY,-11.77714285714319,SL,143s
2025-11-14T13:43:14.611241,US100,SELL,33.64428571428289,TP,566s
2025-11-14T13:43:16.614660,US100,SELL,34.20999999999913,TP,537s
2025-11-14T13:45:50.258819,US100,BUY,-11.365714285715512,SL,27s
2025-11-14T13:46:16.541349,US100,BUY,-7.753000000000611,TrailSL,84s
2025-11-14T13:46:51.110754,US100,SELL,3.25800000000163,TrailSL,391s
2025-11-14T13:46:51.669676,US100,SELL,-9.919999999998254,TrailSL,58s
2025-11-14T13:46:55.132949,US100,SELL,-4.088999999999942,TrailSL,213s
2025-11-14T13:46:55.133889,US100,SELL,9.304000000003725,TrailSL,726s
2025-11-14T13:47:27.409869,US100,BUY,32.4028571428571,TP,33s
2025-11-14T13:49:27.825823,US100,BUY,34.068571428571886,TP,123s
2025-11-14T13:51:27.802545,US100,BUY,33.42428571428536,TP,213s
2025-11-14T13:53:47.321574,US100,BUY,32.6071428571413,TP,322s
2025-11-14T13:56:20.077253,US100,BUY,-11.868571428571158,SL,264s
2025-11-14T13:56:23.059910,US100,BUY,4.026999999998225,TrailSL,388s
2025-11-14T13:56:23.061117,US100,BUY,-6.979999999999563,TrailSL,298s
2025-11-14T13:56:23.061117,US100,BUY,9.495999999999185,TrailSL,418s
2025-11-14T13:57:29.860181,US100,SELL,28.741428571425786,TP,182s
2025-11-14T13:58:25.183662,US100,SELL,28.39571428571071,TP,208s
2025-11-14T13:58:47.434172,US100,SELL,-9.714285714286234,SL,48s
2025-11-14T13:58:50.307435,US100,SELL,-3.3979999999974098,TrailSL,111s
2025-11-14T13:58:55.229837,US100,SELL,-7.322999999996682,TrailSL,86s
2025-11-14T13:59:05.916989,US100,SELL,3.095000000001164,TrailSL,157s
2025-11-14T14:00:55.622681,US100,BUY,-9.302857142854918,SL,25s
2025-11-14T14:01:48.473288,US100,BUY,2.1090000000040163,TrailSL,169s
2025-11-14T14:03:05.361707,US100,SELL,-10.360000000000582,SL,34s
2025-11-14T14:03:06.845187,US100,SELL,-0.8659999999981665,TrailSL,126s
2025-11-14T14:04:23.040530,US100,BUY,29.935714285711583,TP,52s
2025-11-14T14:10:11.417482,US100,BUY,-11.279999999998836,SL,310s
2025-11-14T14:10:13.921918,US100,BUY,6.145000000000437,TrailSL,372s
2025-11-14T14:10:13.921918,US100,BUY,-11.302857142854918,SL,221s
2025-11-14T14:10:16.459432,US100,BUY,-2.6519999999982247,TrailSL,345s
2025-11-14T14:12:43.745986,US100,SELL,-9.417142857142608,SL,70s
2025-11-14T14:15:49.050194,US100,SELL,-5.314999999995052,TrailSL,316s
2025-11-14T14:15:58.699294,US100,SELL,6.306000000000495,TrailSL,386s
2025-11-14T14:19:01.710209,US100,BUY,24.545714285712165,TP,387s
2025-11-14T14:21:39.128710,US100,BUY,-8.88571428571231,SL,123s
2025-11-14T14:22:31.334207,US100,BUY,6.816999999999098,TrailSL,295s
2025-11-14T14:22:31.334207,US100,BUY,-1.995999999999185,TrailSL,205s
2025-11-14T14:23:29.914261,US100,SELL,-8.405714285712747,SL,52s
2025-11-14T14:25:09.888607,US100,BUY,-8.485714285714494,SL,91s
2025-11-14T14:27:41.072327,US100,BUY,-9.142857142858702,SL,62s
2025-11-14T14:27:50.612396,US100,SELL,24.78142857142666,TP,132s
2025-11-14T14:28:57.944298,US100,SELL,-6.084999999999127,TrailSL,48s
2025-11-14T14:30:30.010946,US100,BUY,30.83142857142593,TP,81s
2025-11-14T14:30:50.278057,US100,BUY,-13.074285714286816,SL,10s
2025-11-14T14:33:21.688829,US100,SELL,48.33714285714086,TP,41s
2025-11-14T14:34:09.748625,US100,SELL,-18.21714285714188,SL,29s
2025-11-14T14:35:02.725267,US100,SELL,-13.348999999998341,TrailSL,112s
2025-11-14T14:36:16.622447,US100,BUY,65.71714285714188,TP,5s
2025-11-14T14:38:51.064864,US100,BUY,70.32142857142753,TP,130s
2025-11-14T14:42:35.423333,US100,BUY,1.7810000000026776,TrailSL,234s
2025-11-14T14:47:42.751479,US100,BUY,64.75857142857058,TP,210s
2025-11-14T14:48:25.777860,US100,BUY,62.87285714285463,TP,163s
2025-11-14T14:49:44.976678,US100,BUY,-15.664999999997235,TrailSL,62s
2025-11-14T14:49:49.978448,US100,BUY,-7.014999999999418,TrailSL,97s
2025-11-14T14:50:38.471585,US100,BUY,-1.2010000000009313,TrailSL,176s
2025-11-14T14:54:12.520792,US100,BUY,56.88571428571231,TP,119s
2025-11-14T15:00:36.678949,US100,BUY,0.797999999998865,TrailSL,473s
2025-11-14T15:03:22.393447,US100,SELL,12.689000000002125,TrailSL,188s
2025-11-14T15:03:48.049740,US100,SELL,-15.704999999998108,TrailSL,154s
2025-11-14T15:04:43.853929,US100,BUY,-7.5459999999948195,TrailSL,58s
2025-11-14T15:04:44.370240,US100,BUY,-17.828571428570285,SL,29s
2025-11-14T15:06:27.685254,US100,SELL,-14.023000000001048,TrailSL,72s
2025-11-14T15:10:30.612866,US100,SELL,-11.983000000000175,TrailSL,164s
2025-11-14T15:11:21.765933,US100,BUY,-18.257999999997992,TrailSL,35s
2025-11-14T15:13:46.229893,US100,SELL,65.07285714285536,TP,120s
2025-11-14T15:15:08.313427,US100,SELL,-22.18699999999808,TrailSL,142s
2025-11-14T15:16:02.899268,US100,BUY,57.844285714283615,TP,45s
2025-11-14T15:17:35.037535,US100,BUY,58.39428571428289,TP,108s
2025-11-14T15:19:29.947762,US100,BUY,-21.33714285714086,SL,162s
2025-11-14T15:22:33.201904,US100,SELL,6.587000000003172,TrailSL,226s
2025-11-14T15:22:33.202902,US100,SELL,-5.1379999999990105,TrailSL,166s
2025-11-14T15:26:47.254996,US100,SELL,-7.096999999997934,TrailSL,179s
2025-11-14T15:28:08.399222,US100,BUY,64.0514285714271,TP,49s
2025-11-14T15:31:33.860391,US100,BUY,-20.89142857142724,SL,74s
2025-11-14T15:31:43.391575,US100,BUY,-16.89100000000326,TrailSL,204s
2025-11-14T15:33:06.978061,US100,SELL,-6.292000000001281,TrailSL,106s
2025-11-14T15:33:13.030361,US100,SELL,-19.851428571430006,SL,83s
2025-11-14T15:39:29.041022,US100,BUY,49.05999999999767,TP,218s
2025-11-14T15:41:24.560851,US100,BUY,-17.0971428571429,SL,63s
2025-11-14T15:43:13.495446,US100,BUY,51.08714285714086,TP,323s
2025-11-14T15:44:27.490656,US100,BUY,50.851428571430006,TP,366s
2025-11-14T15:45:27.536012,US100,BUY,48.05428571428638,TP,336s
2025-11-14T15:46:34.651810,US100,BUY,40.99857142857218,TP,42s
2025-11-14T15:47:32.657910,US100,BUY,42.27142857142826,TP,70s
2025-11-14T15:48:50.919211,US100,BUY,-15.085714285713038,SL,27s
2025-11-14T15:48:59.235853,US100,BUY,-11.084999999999127,TrailSL,66s
2025-11-14T15:48:59.420003,US100,BUY,8.837000000003172,TrailSL,127s
2025-11-14T15:52:07.757390,US100,BUY,-14.737142857142317,SL,44s
2025-11-14T15:54:50.097292,US100,SELL,-13.691428571430151,SL,57s
2025-11-14T15:54:50.101371,US100,SELL,7.835000000002765,TrailSL,147s
2025-11-14T15:55:42.979931,US100,BUY,-13.885714285715949,SL,78s
2025-11-14T15:57:10.900061,US100,SELL,-13.005000000001019,TrailSL,46s
2025-11-14T15:57:10.971784,US100,SELL,4.799000000002707,TrailSL,76s
2025-11-14T16:01:18.294091,US100,BUY,2.415999999997439,TrailSL,143s
2025-11-14T16:01:41.076476,US100,BUY,-9.44999999999709,TrailSL,76s
2025-11-14T16:04:23.041992,US100,SELL,39.85142857142637,TP,178s
2025-11-14T16:04:39.041984,US100,SELL,39.018571428568976,TP,164s
2025-11-14T16:05:12.049889,US100,SELL,36.20571428571566,TP,137s
2025-11-14T16:05:30.996217,US100,SELL,35.9542857142842,TP,64s
2025-11-14T16:06:28.542363,US100,SELL,-13.799999999999272,SL,32s
2025-11-14T16:06:30.035511,US100,SELL,5.844999999997526,TrailSL,94s
2025-11-14T16:07:39.490956,US100,BUY,-3.5790000000015425,TrailSL,73s
2025-11-14T16:07:41.491678,US100,BUY,-14.079999999998108,SL,45s
2025-11-14T16:09:23.065900,US100,SELL,-10.194999999999709,TrailSL,117s
2025-11-14T16:10:49.450356,US100,BUY,38.67285714285754,TP,113s
2025-11-14T16:13:24.589793,US100,SELL,-14.279999999998836,SL,27s
2025-11-14T16:14:24.635154,US100,BUY,-14.131428571428842,SL,27s
2025-11-14T16:17:03.598738,US100,BUY,40.38571428571231,TP,426s
2025-11-14T16:19:33.885124,US100,BUY,38.107142857144936,TP,216s
2025-11-14T16:19:46.593761,US100,BUY,40.84142857142797,TP,469s
2025-11-14T16:19:49.985992,US100,BUY,36.252857142859284,TP,172s
2025-11-14T16:19:56.139979,US100,BUY,36.92857142857247,TP,149s
2025-11-14T16:20:52.458816,US100,BUY,-6.515000000003056,TrailSL,54s
2025-11-14T16:20:52.948613,US100,BUY,0.521999999997206,TrailSL,175s
2025-11-14T16:23:09.520190,US100,BUY,36.12714285714537,TP,71s
2025-11-14T16:24:44.137130,US100,BUY,36.12714285714537,TP,136s
2025-11-14T16:25:21.283315,US100,BUY,37.997142857144354,TP,113s
2025-11-14T16:27:17.691302,US100,BUY,35.93857142857087,TP,168s
2025-11-14T16:27:23.739111,US100,BUY,35.1842857142874,TP,144s
2025-11-14T16:27:24.240704,US100,BUY,35.074285714286816,TP,115s
2025-11-14T16:29:04.814509,US100,BUY,-11.680000000000291,SL,64s
2025-11-14T16:29:18.048950,US100,BUY,-4.670000000001892,TrailSL,109s
2025-11-14T16:29:20.390107,US100,BUY,1.7219999999979336,TrailSL,141s
2025-11-14T16:29:21.410898,US100,BUY,8.537999999996828,TrailSL,202s
